ASK,BID,QUANTITY
665.57,658.32,0
662.99,658.32,0
665.57,658.32,0
662.89,658.32,0
665.57,658.32,0
666.34,658.32,0
662.88,658.32,0
663.13,658.32,0
662.88,658.32,0
663.13,658.31,0
662.88,658.31,0
664.66,658.31,0
664.66,658.64,0
664.66,658.63,0
664.66,659.15,0
662.88,659.15,0
663.13,659.14,0
664.66,659.14,0
662.88,659.22,0
663.14,659.22,0
664.66,659.22,0
663.14,659.22,0
662.88,659.22,0
663.14,659.22,0
662.89,659.22,0
663.14,659.22,0
662.88,659.22,0
663.14,659.22,0
663.14,659.21,0
664.66,659.21,0
664.66,659.22,0
663.14,659.22,0
664.66,659.22,0
663.14,659.22,0
664.66,659.22,0
664.66,659.21,0
664.66,659.22,0
662.89,659.22,0
662.89,659.21,0
662.89,659.95,0
662.89,659.22,0
662.9,659.21,0
662.9,660.02,0
662.88,660.02,0
662.9,660.02,0
662.89,660.02,0
661.42,660.02,0
662.89,660.02,0
662.88,660.02,0
662.9,660.02,0
662.88,660.02,0
662.9,660.02,0
662.89,660.02,0
662.9,660.02,0
662.9,659.14,0
662.9,659.22,0
662.89,659.14,0
662.9,659.14,0
662.89,659.14,0
662.89,658.63,0
662.9,658.63,0
662.89,658.63,0
662.9,658.63,0
662.88,658.63,0
662.9,658.63,0
662.88,658.63,0
662.89,658.63,0
662.9,658.63,0
662.89,658.63,0
662.9,658.63,0
662.87,658.63,0
662.9,658.63,0
662.87,658.63,0
662.9,658.63,0
662.88,658.63,0
662.9,658.63,0
662.87,658.63,0
662.9,658.63,0
662.88,658.63,0
662.9,658.63,0
662.88,658.63,0
662.9,658.63,0
662.88,658.63,0
662.9,658.63,0
662.88,658.63,0
662.88,658.98,0
662.88,658.63,0
662.88,658.99,0
662.88,658.63,0
662.88,660.2,0
662.9,660.2,0
661.18,660.2,0
660.73,658.63,0
661.17,658.34,0
661.17,658.31,0
661.18,658.31,0
660.35,658.31,0
661.18,658.31,0
661.12,658.31,0
660.51,658.31,0
659.96,658.26,0
660.51,658.26,0
661.12,658.26,0
661.12,657.86,0
661.12,657.81,0
660.01,657.81,0
660.01,657.97,0
660.01,657.98,0
660.01,658.41,0
660.01,657.97,0
660.01,658.04,0
660.01,658.35,0
659.74,658.35,0
659.74,657.96,0
659.74,657.97,0
659.74,657.96,0
659.74,657.97,0
659.74,657.99,0
659.14,657.99,0
659.74,657.99,0
659.74,657.97,0
659.74,658.17,0
659.74,658.79,0
659.74,658.62,0
659.74,659.28,0
661.01,659.28,0
661.01,658.9,0
661.12,658.9,0
660.81,658.9,0
661.12,658.9,0
660.81,658.9,0
661.01,658.9,0
660.81,658.9,0
661.11,658.9,0
661.12,658.9,0
661.11,658.9,0
661.12,658.9,0
661.1,658.9,0
661.12,658.9,0
661.1,658.9,0
661.1,658.91,0
661.11,659.48,0
661.11,658.92,0
661.11,659.95,0
661.11,659.21,0
661.11,659.55,0
661.11,659.76,0
661.11,659.55,0
661.11,659.56,0
661.11,659.57,0.00041129
661.11,659.74,0
661.11,659.75,0
661.11,659.91,0
661.11,660.69,0
661.39,660.69,0
661.39,660.31,0
661.39,660.74,0.00603306
661.39,660.32,0.00603292
661.39,660.31,0.00603296
661.39,660.39,0.000411316
661.1,660.39,0.00603263
661.39,660.39,0.00603263
660.79,660.03,0.00594084
661.38,660.03,0
661.38,660.03,0
661.39,660.03,0
660.59,660.03,0
661.39,660.03,0
661.39,660.39,0.000411316
660.93,660.23,0
660.93,660.23,0
661.38,660.23,0
660.535,660.03,0
661.38,660.03,0
661.39,660.03,0.00603224
661.39,659.72,0
661.39,659.78,0
660.253,659.63,0
660.255,659.63,0
660.22,659.63,0
660.22,659.81,0
660.22,659.63,0
660.02,659.63,0
660.22,659.4,0
661.39,659.4,0
660.65,659.4,0
660.07,658.24,0
660.07,658.24,0
660.07,658.44,0
660.57,658.44,0
660.57,658.45,0
660,658.45,-0.0009
660.57,658.45,0
660.57,658.46,-0.0132
660.57,658.45,0
660.57,659.34,0
660.57,659.25,0.000615103
660.57,658.63,0.0132
660.57,658.64,0.0009
660.09,658.64,0.0132
660.57,658.64,0.0132
660.57,658.63,0.0132
660.57,658.33,0
660.57,658.32,0
660.57,658.44,0
660.57,658.43,0
660.57,658.44,0
659.81,658.44,0
660.57,658.43,0
660.57,658.32,0
660.57,658.31,0
660.57,658.32,0
660.57,658.31,0
660.57,658.33,0.0009
660.57,658.31,0
660.57,658.34,0
660.45,658.34,0
660.45,658.39,0
660.44,658.39,0
660.44,658.4,0.0132
660.44,658.41,0.0132
660.44,658.42,0
660.45,658.42,0
660.44,658.42,0
660.42,658.42,0
660.42,658.41,0
660.42,658.44,0
660.41,658.44,0
660.41,658.46,0
660.41,658.76,0
660.41,658.77,0
660.41,658.76,0
660.41,658.78,0
660.39,658.78,0
660.39,658.79,0
660.39,658.8,0
660.38,658.8,0.0132
659.84,658.8,0.0057388
660.38,658.8,0
660.38,658.79,0
660.38,658.81,0
660.39,658.81,0
660.39,658.82,0
660.38,658.82,0
660.39,658.82,0
660.39,659.1,0
660.39,658.82,0
660.39,658.83,0
660.39,658.81,0
660.39,658.84,0.0009
660.38,658.85,0
660.38,658.84,0
660.38,658.85,0
660.39,658.85,0
660.39,658.86,0
660.38,658.86,-0.0009
660.38,658.87,0
660.38,659.7,0.000411318
660.57,659.8,0.00603225
660.855,660.15,0.000411319
661.65,660.15,0.00603268
661.8,659.64,0.00603291
661.65,660.17,0.000411314
661.59,660.17,0.0060326
661.59,660.15,0.00603268
661.53,660.15,0.00603268
661.52,660.15,0.00603268
661.52,660.68,0.000411298
661.08,660.16,0.00603264
661.07,660.16,0.00603264
660.45,659.49,0
660.94,659.49,0
661.58,659.49,0
661.06,659.49,0
661.06,659.2,0
661.06,659.47,0
661.06,659.48,0
661.99,659.48,0
661.47,660.41,0.00041131
661.99,660.41,0.00603255
661.99,659.99,0.0060324
662.48,659.99,0.0060324
662.62,659.99,0.0060324
662.47,659.99,0.0060324
662.62,659.99,0.0060324
662.48,659.99,0.0060324
662.48,660,0.000411297
661.99,660,0.00603236
661.22,660,0
661.99,660,0
661.99,659.99,0
661.98,659.99,0
661.98,659.79,0
661.98,659.8,0
661.99,659.8,0
661.99,659.79,0
661.99,659.99,0
661.33,659.99,0
661.99,659.99,0
661.99,660,0
661.99,660.61,0.000411318
661.99,660,0.00603236
661.99,660.01,0.000411295
661.99,660.49,0.000411287
661.99,660.01,0.00603232
661.99,660.02,0.000411292
661.99,660.01,0.00603232
661.99,660.02,0.000411292
661.99,660.03,0.000411289
661.99,660.04,0.000411286
661.99,660.03,0
661.99,660.35,0.000411327
661.99,660.47,0.000411293
661.99,660.48,0
660.9,660.27,0.00594079
660.85,659.11,-0.011184
660.85,659.1,-0.0113387
661.23,659.1,-0.0113387
660.91,659.1,-0.000773092
660.91,659.34,-0.00763151
661.23,659.34,-0.00763151
661.23,659.1,-0.0113387
660.44,659.1,-0.000773092
661.23,659.1,-0.0113387
660.84,659.1,-0.000773092
660.84,658.9,-0.0132
660.84,658.68,-0.0132
660.84,659.07,-0.0118017
660.83,659.06,-0.0119563
660.83,659.51,0
660.83,659.52,0
661.23,659.52,0
661.23,659.33,0
661.23,659.34,0
661.23,659.06,-0.0119563
661.22,659.06,0
661.22,659.55,0
661.23,659.55,0
661.23,660.48,0
661.62,660.48,0
661.62,660.41,0
661.62,660.08,0
661.62,660.09,0
661.62,660.49,0
662.05,660.49,0
662.16,660.49,0
662.16,660.52,0
662.16,660.53,0
662.16,660.13,-0.00603276
662.2,660.13,-0.00603276
662.2,660.12,-0.00603281
662.2,660.13,0
662.2,660.54,0
662.24,660.54,0
662.24,660.56,0
662.24,660.54,0
662.24,660.58,0
662.63,660.97,0
662.65,660.97,0
662.57,660.58,0
662.57,660.58,0
662.57,660.2,0
662.57,660.19,-0.00603252
662.61,660.19,-0.00603252
662.61,660.2,-0.00603247
662.6,660.2,0
662.57,660.2,0
662.49,660.2,0
662.49,660.18,0
662.43,660.18,0
662.37,660.21,0
662.37,660.18,0
662.37,660.21,0.000411302
662.37,660.59,0.000411323
662.37,660.6,0.00041132
662.25,660.6,0.0060327
662.25,660.93,0.00603228
662.25,660.94,0.00603223
662.25,660.59,0.00603274
662.24,660.59,0.00603274
662.24,660.41,0.00603255
662.24,660.46,0.000411296
662.24,660.41,0.00603255
662.2,660.41,0
661.79,660.41,0
661.79,660.85,0
661.35,660.41,0
661.35,660.42,0
661.02,660.42,-0.000411307
661.35,660.42,-0.0060325
660.9,659.05,-0.0009
660.9,659.05,-0.0132
660.93,659.3,-0.0104433
661.13,659.3,-0.0104433
661.13,659.19,0
661.13,659.05,-0.0132
661.13,659.31,-0.0102888
661.13,659.2,-0.0119875
661.13,659.31,-0.0102888
661.13,659.2,-0.0119875
661.13,660.51,0.000411346
661.61,660.51,0.00603307
661.5,660.51,0.00603307
661.5,660.41,0.00603255
661.5,659.39,0.00905325
661.5,659.28,0.0107516
661.5,659.4,0.000606731
661.5,659.29,0.0105979
661.5,659.4,0.00889872
661.5,659.29,0.0105979
661.5,659.4,0
661.5,659.29,0
661.5,659.41,0
661.49,659.41,0
661.49,659.32,0
661.49,659.69,0.000301633
661.49,659.59,0.00596627
661.49,659.32,0.0101342
661.87,659.34,0
661.15,659.34,0
661.51,659.32,0
661.49,659.32,0.0101342
661.49,659.22,0
661.49,659.32,0
661.49,659.22,0
661.49,659.31,0
661.49,659.22,0
661.49,659.31,0
661.49,659.22,0
661.49,659.31,0
661.49,659.22,-0.0104375
661.49,659.31,0
661.49,659.22,0
661.49,659.31,0
661.49,659.3,0.0132
661.49,659.32,0
661.49,659.3,0.0104433
661.49,659.33,0.000680428
661.49,659.3,0.0104433
661.49,659.33,0.000680428
661.49,659.3,0.0104433
661.49,659.33,0.000680428
661.49,659.34,0.00066989
661.49,659.3,0
661.49,659.33,0.000680428
661.49,659.3,0
661.49,659.34,0.00066989
661.49,659.35,0.00967144
661.49,659.39,0.00905325
661.49,659.3,0
661.49,659.32,0
661.49,659.3,-0.0104433
661.49,659.37,0
661.49,659.3,0
661.49,659.53,0
661.49,659.3,0
661.49,659.33,-0.00790474
661.49,659.3,-0.0104433
661.49,659.36,-0.00951688
661.49,659.3,0
661.49,659.38,0
661.49,659.3,0
661.49,659.41,0
661.49,659.3,0
661.49,659.6,0
661.49,659.61,0
661.49,659.82,0
661.49,659.61,0
661.49,659.3,-0.0104433
661.49,660.33,0.00603288
661.49,660.37,0.000411321
661.49,660.38,0.000411318
661.49,660.37,0.00603271
661.88,660.37,0.00603271
661.48,660.37,0.00603271
661.48,660.87,0.00603252
661.15,660.37,0.00594131
661.15,660.37,0.00603271
661.83,660.37,0.00603271
661.48,660.37,0.00603271
661.84,660.37,0.00603271
661.49,660.37,0
661.84,660.37,0.00603271
661.49,660.37,0
661.84,660.37,0.00671358
661.48,660.37,0
661.84,660.37,0.00603271
661.48,660.37,0.00603271
661.48,660.49,0.000411287
661.48,660.5,0.000411285
661.48,660.37,0
661.48,660.5,0.000411285
661.84,660.5,0.00603217
661.85,660.5,0.00603217
661.84,660.5,0.00603217
661.85,660.37,0.00603271
661.84,660.37,0
661.85,660.37,0.00603271
661.83,660.37,0
661.85,660.37,0
661.78,660.37,0.00603271
661.02,660.37,0
661.78,660.37,0
661.12,660.37,0
661.78,660.37,0
661.74,660.37,0
661.02,660.37,0
660.74,659.83,0
660.74,659.83,0
661.02,659.83,0
661.01,659.83,0
661.37,659.83,0
661.36,659.83,0
661.38,659.83,0
661.36,659.83,0
661.38,659.83,0
661.36,659.83,0
661.38,659.83,0.00603307
661.36,659.83,0.00603307
661.38,659.83,0.00603307
661.36,659.83,0.00603307
661.38,659.83,0.00603307
661.02,659.83,0
661.02,660.37,0.000411321
661.02,659.83,0
661.85,659.83,0.00603307
661.78,659.83,0.00603307
661.85,659.83,0.00603307
661.78,659.83,0.00603307
661.78,659.97,0.00603249
661.85,659.97,0.0113869
661.78,659.97,0.00603249
661.85,659.97,0.00603249
661.78,659.97,0
661.79,659.97,0.00603249
661.78,659.97,0.00603249
661.79,659.97,0.00603249
661.77,659.97,0.00603249
661.77,660.07,0.00603301
661.78,660.07,0.00603301
661.79,660.07,0.00603301
661.77,660.07,0.00603301
661.79,660.07,0.00603301
661.77,660.07,0.00603301
661.79,660.07,0.00603301
661.76,660.07,0.00603301
661.79,660.07,0
661.76,660.07,0.00603301
661.77,660.07,0
661.79,660.07,0
661.75,660.07,-0.000504528
661.76,660.07,0
661.76,660.46,0.000411296
661.76,660.07,0
661.3,660.07,-0.000411342
661.3,660.12,0
661.3,660.3,0.000503123
661.3,660.12,0.00603281
661.3,660.21,0.000411302
661.3,660.12,0.00603281
661.3,660.11,0.00603285
661.3,660.53,0.00041134
661.3,660.33,0
661.3,660.71,0.000411289
661.3,660.33,0
661.3,660.39,0
661.3,660.33,0
661.21,660.33,0.00603288
661.3,660.33,0
661.2,660.33,0.00603288
661.3,660.33,0
661.19,660.33,0
660.8,660.33,-0.000411333
660.79,659.42,-0.0085906
660.81,659.42,-0.0085906
660.79,659.42,-0.000585723
660.79,659.41,-0.00874513
660.79,660.22,-0.00603239
660.79,659.41,-0.00874513
660.79,659.54,-0.00673855
660.79,659.47,0
660.79,659.41,-0.00874513
660.79,659.44,-0.00828157
660.79,660.25,0
660.79,659.44,0
660.79,659.64,0
660.79,659.65,0
661.3,659.65,-0.00504064
661.65,659.65,0
661.65,659.62,0
661.75,659.62,0
661.75,659.8,0
661.85,659.8,0
661.69,659.8,-0.000422955
661.85,659.8,0
661.67,659.8,0
661.65,659.74,0
661.85,659.75,0
661.57,659.75,0
661.58,659.41,-0.00874513
661.58,659.61,-0.00565834
661.58,659.41,-0.00874513
661.58,659.88,0
661.58,659.41,-0.00874513
661.58,659.58,-0.00612072
661.58,659.41,-0.00874513
661.58,659.58,-0.00612072
661.58,659.41,-0.00874513
661.58,660.66,0.000411304
661.2,659.69,0.00442396
661.55,659.69,0.00442396
661.54,659.69,0.00442396
660.75,659.71,-0.00028058
660.75,659.58,0
660.75,659.48,0
661.55,659.48,0.00766449
661.55,659.55,0
661.55,659.41,0
661.55,659.57,0
661.55,659.41,0
661.55,659.58,0
661.55,659.41,0
661.55,659.62,0
661.55,659.55,0
661.55,659.41,0
660.73,659.41,0
661.55,659.41,0
661.55,659.54,0.000459446
661.55,659.65,0.00034368
661.55,659.41,0
661.55,659.58,0
661.55,659.41,0
661.55,659.68,0.000312161
661.55,659.58,0.00612072
661.55,659.69,0.000301633
661.55,659.59,0.00596627
661.55,659.41,0
661.55,659.7,0.000291107
661.55,659.41,0
661.55,659.72,0.00396173
661.55,659.41,0
661.55,659.72,0.000270118
661.58,659.41,0
661.58,659.75,0.0034986
661.58,659.41,0
661.58,659.79,0.000411293
661.58,659.68,0.00457836
661.58,659.41,0
661.58,659.52,0.000480447
661.58,659.41,0
661.58,659.52,0.000480447
661.58,659.65,0
661.58,659.41,0
661.58,659.86,0.000411337
661.58,659.41,0
661.25,659.41,0
660.66,659.41,0
661.25,659.41,0
660.44,659.41,-0.000596259
660.94,659.41,0
660.35,659.41,0
660.36,659.41,-0.00874513
660.8,659.41,0
660.77,659.41,0
660.76,659.41,0
660.06,659.41,0
660.75,659.41,0.00874513
660.76,659.41,-0.00874513
660.77,659.41,0
660.75,659.41,-0.000596259
660.77,659.41,0
660.76,659.41,0
660.77,659.41,-0.00874513
660.75,659.41,-0.000596259
660.77,659.41,0
660.75,659.41,0.00637085
660.76,659.41,0
660.77,659.41,0
660.75,659.41,-0.000596259
660.77,659.41,0
660.75,659.41,-0.00874513
660.77,659.41,0
660.42,659.41,-0.000596259
660.42,659.91,0
660.42,659.41,-0.00874513
660.42,659.81,0
660.94,659.81,0
660.94,659.47,0
660.94,659.6,0
660.94,659.41,0
660.94,659.59,0
660.94,659.54,0
660.94,659.41,0.0132
660.94,659.55,-0.00658408
660.94,660.07,0
660.94,659.41,-0.00874513
660.94,659.9,0
660.94,659.89,0
660.94,659.41,-0.00874513
660.94,660.28,0
660.94,659.72,0
660.94,659.62,0
660.94,659.73,0
660.94,659.41,-0.00874513
660.94,659.66,-0.00488717
660.94,659.41,0
660.94,659.62,-0.00550391
660.94,659.41,-0.00874513
660.94,659.68,0.000312161
660.94,659.41,-0.00874513
660.94,659.78,0.000411295
660.76,659.78,0.00411295
660.76,659.77,0.00603237
660.94,659.77,0.00603237
660.94,659.41,0
660.94,660.02,0.000411292
660.94,659.59,0
660.94,659.41,0
660.94,659.41,0
660.94,660.06,0.000411345
660.58,660.06,0.0132
660.58,660.02,0.00603228
660.58,660.26,0.000411288
660.94,660.26,0.00603223
660.94,660.02,0.00603228
660.94,660.08,0.000411339
660.94,660.43,0.000411304
660.94,660.38,0.000411318
661.04,660.38,0.00603267
661.04,660.08,0.00603297
661.04,660.2,0.000411305
661.04,660.08,0.00603297
661.04,660.56,0.000411332
661.04,660.08,0
661.05,660.08,0.00603297
661.04,659.47,0
661.04,659.47,0
660.88,659.47,0
660.98,659.47,0
660.63,659.47,0
660.96,659.47,0
660.99,659.47,0
660.62,659.47,0
660.26,659.47,0
660.26,659.62,0
660.26,659.63,0.000364737
660.26,659.93,0
660.26,659.63,0.00534948
660.99,659.63,0.00534948
660.62,659.63,0.00534948
660.99,659.63,0.00534948
660.82,659.63,0.00534948
660.99,659.63,0.00534948
660.7,659.63,0.0132
660.99,659.63,0.00534948
660.77,659.63,0.00534948
660.99,659.62,0
660.99,659.63,0.000364737
660.73,659.63,0
660.99,659.63,0.00534948
660.69,659.63,0
660.99,659.63,0.00534948
660.66,659.63,0
660.99,659.63,0.00534948
660.63,659.63,0
660.99,659.63,0
660.62,659.63,0.00534948
660.99,659.63,0
660.7,659.63,-0.000364737
660.7,659.64,0
660.99,659.64,0
660.73,659.64,0
660.99,659.64,0
660.71,659.64,0
660.99,659.64,0
660.63,659.64,0
660.99,659.64,0
660.7,659.64,0
660.99,659.64,0
660.64,659.64,-0.000354208
660.96,659.64,-0.00519506
660.99,659.64,0
660.62,659.64,-0.000354208
660.94,659.64,0
660.61,659.64,-0.00519506
660.95,659.64,0
660.74,659.64,-0.000354208
660.95,659.64,0
660.68,659.64,-0.000354208
660.95,659.64,0
660.71,659.64,-0.000354208
660.95,659.64,-0.00519506
660.68,659.64,0
660.95,659.64,0
660.78,659.64,0
660.95,659.64,0
660.86,659.64,0
660.95,659.64,0
660.84,659.64,0
660.95,659.64,0
660.75,659.64,0
660.95,659.64,0
660.71,659.64,0
660.95,659.64,0
660.67,659.64,-0.000354208
660.95,659.64,0
660.66,659.64,-0.000354208
660.95,659.64,0
660.61,659.64,-0.000354208
660.95,659.64,0
660.66,659.64,-0.000354208
660.95,659.64,0
660.61,659.64,-0.000354208
660.95,659.64,0
660.95,659.63,-0.00534948
660.61,659.63,-0.000364737
660.93,659.63,-0.00534948
660.95,659.63,-0.00534948
660.66,659.63,-0.000364737
660.66,659.73,0
660.95,659.73,0
660.65,659.73,0
660.95,659.73,0
660.64,659.73,0
660.64,659.74,0
660.63,659.74,0
660.63,659.73,0.0104376
660.63,659.63,-0.00534948
660.63,659.73,0
660.64,659.73,0
660.62,659.73,-0.000259592
660.64,659.63,0
660.61,659.63,0
660.6,659.63,0
660.6,659.94,0.000411314
660.6,659.73,0
660.95,659.73,0.00380735
660.6,659.73,0.00380735
660.6,659.63,0
660.6,659.73,0
660.6,659.63,0
660.6,659.73,0
660.56,659.73,0.00380735
660.56,659.76,0.000228016
660.95,659.73,0
660.95,659.73,0.00380735
660.74,659.73,0
660.95,659.73,0.00380735
660.74,659.73,0.00380735
660.95,659.73,0.00380735
660.86,659.73,0.00380735
660.95,659.73,0.00380735
660.74,659.73,0.00380735
660.74,659.63,0
660.74,659.74,0
660.74,659.63,0
660.74,659.75,0.000238541
660.74,659.76,0.000228016
661.48,659.76,0.00334424
661.48,659.77,0.000411298
661.33,659.77,0.00603237
661.33,659.95,0.000411311
661.48,659.95,0.00603257
661.48,659.86,0.00603294
661.33,659.76,0.00329357
661.33,659.76,0.00334424
661.33,660.27,0.000411285
661.48,660.27,0.00603219
661.24,660.27,0.00603219
661.33,660.27,0.00603219
661.24,660.27,0.00603219
661.24,660.28,0.000411282
661.33,660.28,0.00603214
661.33,660.27,0.00603219
661.48,660.27,0.00603219
661.24,660.27,0
661.33,660.27,0
661.48,660.27,0
661.33,660.27,0.00603219
661.48,660.27,0.00603219
661.48,660.62,0.000411315
661.48,660.28,0.00603214
661.48,660.27,0
661.48,660.5,0.000411285
661.48,660.73,0.000411284
661.48,660.5,0.00603217
661.48,660.19,0
661.48,660.2,0
661.48,660.18,0
661.48,660.19,0
661.48,660.18,0
661.48,660.2,0
661.48,660.18,0
661.48,660.2,0
661.48,660.37,0
661.01,660.37,0
661.48,660.37,0.00603271
660.97,660.37,0.00603271
661.48,660.37,0.00603271
661.29,660.37,0.00603271
661.48,660.37,0.00603271
661.38,660.37,0.00603271
661.38,660.13,-0.00790489
660.66,660.13,0
660.95,660.13,-0.00603276
660.37,659.63,-0.000364737
660.94,659.63,-0.00534948
660.93,659.63,-0.000457749
660.92,659.63,0
660.91,659.63,0
660.9,659.63,0
660.79,659.63,0
660.64,659.63,0
660.63,659.63,0
660.62,659.63,0
660.63,659.63,0.00534948
660.62,659.63,0
660.62,659.64,0.000354208
660.62,660.09,0.000411336
660.79,660.09,0.00603293
660.79,659.64,0.00519506
660.79,660.27,0.000411285
661.39,659.66,0.00488717
661.39,659.64,0.00519506
661.39,659.63,0.00534948
661.39,659.97,0.000411306
661.48,659.98,0.00603244
661.48,659.97,0.00603249
661.48,659.67,0
661.29,659.67,0
661.29,659.68,0.000312161
660.69,659.63,0
660.69,659.63,0
661.3,659.63,0
660.99,659.63,0
661,659.63,0
660.99,659.63,0
661,659.63,0
661.09,659.63,0
661.08,659.63,0
660.69,659.63,0
660.68,659.63,0
660.5,659.63,0
660.68,659.63,0
660.5,659.63,0
660.68,659.63,0
660.48,659.63,0
660.68,659.63,0
660.48,659.63,-0.00043835
660.68,659.63,0
660.2,659.63,0
660.68,659.63,0
660.48,659.63,0
660.68,659.63,0
660.47,659.63,0
660.68,659.63,0
660.36,659.63,-0.000538947
660.11,659.63,0
660.36,659.63,0
660.68,659.63,0
660.36,659.63,0.00534948
660.68,659.63,0
660.56,659.63,0.00534948
660.68,659.63,0
660.33,659.63,0
660.68,659.63,0
660.33,659.63,0
660.68,659.63,0.00534948
660.33,659.63,0
660.68,659.63,0
660.32,659.63,0
660.32,659.78,0.0009
660.09,659.63,0
660.31,659.31,0
659.95,659.31,0
659.73,659.31,-0.000701506
659.95,659.31,0
659.96,659.31,-0.0102888
659.84,659.31,-0.000701506
659.96,659.31,-0.0102888
659.95,659.31,0
659.67,659.26,0
659.95,659.26,0
659.96,659.26,-0.0110607
659.84,659.26,-0.000754142
659.96,659.26,-0.0110607
659.84,659.26,-0.000754142
659.96,659.26,-0.0110607
659.86,659.26,-0.000754142
659.96,659.26,-0.0110607
659.91,659.26,-0.000754142
659.96,659.26,0
659.84,659.26,-0.000754142
659.96,659.26,0
659.93,659.26,0
659.96,659.26,0
659.9,659.26,0
659.96,659.26,0
659.84,659.26,-0.000754142
659.96,659.26,0
659.84,659.26,-0.000754142
659.96,659.26,0
659.96,659.57,0
660.5,659.57,0.00627517
660.5,659.26,0
661.09,659.26,0.0110607
660.33,659.26,0
660.33,659.56,0.000438383
660.33,659.26,0
660.33,659.31,0
660.33,659.26,0
660.33,659.32,0
660.33,659.26,-0.0110607
660.33,659.34,-0.00982505
660.33,659.26,-0.0110607
660.33,659.36,0
660.33,659.26,0
660.33,659.39,0
660.33,659.26,0
660.33,659.42,0
660.33,659.26,0
660.33,659.41,0
660.33,659.68,0.00457836
660.34,659.68,0.00457836
660.05,659.26,-0.000754142
660.05,659.26,0
660.34,659.26,0.0110607
660.03,659.26,0
660.02,659.26,0
660.02,659.61,0
660.63,659.62,0.00542051
660.63,659.62,0.00550391
660.63,659.61,0
660.63,659.26,0
660.32,659.26,0.0110607
660.28,659.26,0.0110607
660.26,659.64,0.000354208
660.26,659.26,0.0110607
660.2,659.26,0.0110607
660.26,659.26,0
660.25,659.26,0
660.25,659.4,0
660.24,659.4,0
659.57,659.12,0
659.57,659.05,0
659.79,659.05,0
659.46,658.4,0
659.46,658.4,0
659.79,658.4,0
659.59,658.4,0
659.79,658.4,0
659.79,658.48,0
659.79,658.58,0
659.79,658.48,0
659.79,658.62,0
659.79,658.88,-0.0132
659.79,658.62,0.0132
659.79,658.72,0
659.79,658.72,0.013
659.79,658.72,0.0132
659.79,658.62,0.0132
659.79,658.96,0.0009
659.79,659.1,0.0132
659.79,658.96,0.0132
659.79,658.74,0.0132
659.43,658.74,0
659.79,658.74,0.0132
659.79,658.62,0
659.79,658.81,0.0009
659.79,658.62,0
659.77,658.62,0
659.77,658.65,0
659.77,658.62,0
659.77,658.73,0
659.77,658.84,0.0009
659.77,658.62,0
659.77,658.73,0
659.77,658.62,0
659.77,659.04,0.0009
659.77,658.62,0
659.77,658.97,0.0009
659.77,658.89,0.0132
659.77,658.62,0
659.77,658.68,0
659.77,659.65,0.00034368
660.63,659.66,0.00488717
661.12,659.66,0.00488717
661.12,658.7,0.0132
661.12,658.62,-0.0132
661.12,659.47,0.000533113
661.12,658.62,0
661.12,659.47,0.000533113
660.23,659.47,0.00781899
660.23,659.21,0.0118328
660.23,659.13,0
660.23,659.21,0
660.23,659.5,0
661.12,659.5,0.00735551
661.12,659.53,0.00689208
660.26,659.53,0.00689208
661.03,659.54,0.00673855
661.03,659.77,0.00603237
661.03,659.54,0.00673855
661.03,659.53,0.00689208
661.13,659.53,0.00689208
661.13,659.58,0.000417322
661.03,659.86,0
661.03,659.78,0.00603233
661.03,659.93,0.000411317
661.03,660.15,0
661.07,660.15,0.0132
661.03,660.15,0
660.63,659.95,0.00594117
660.63,659.95,0.00603257
660.87,659.95,0.00603257
661.03,659.95,0
661.07,659.93,0.00603265
660.96,659.93,0.00603265
661.07,659.93,0.00603265
660.93,659.93,0
660.93,660.2,0
660.96,659.93,0
661.13,659.93,-0.00603265
660.97,659.93,0
661.02,659.93,0
661.06,659.93,-0.00603265
661.06,660.2,0
661.13,659.93,0
661.13,659.92,-0.00603269
661.13,660.12,0
661.13,659.76,-0.00334424
661.13,659.7,-0.00426956
661.13,659.75,-0.0034986
661.29,659.75,-0.0034986
661.29,659.85,-0.00603298
661.19,659.75,-0.000238541
661.19,659.75,-0.0034986
661.19,659.85,0
661.19,659.75,0
661.19,659.85,-0.0063702
661.19,660.17,0
661.29,660.17,0
661.29,659.85,0.00603298
661.25,659.75,0
661.29,659.75,0
661.16,659.75,0
661.13,659.7,0
661.22,659.7,-0.00426956
661.29,659.7,-0.00636998
661,659.7,0
660.45,659.7,-0.000434303
660.98,659.7,0
661,659.7,0
661,659.82,0
660.33,659.82,0
660.93,659.82,0
660.83,659.82,0
660.93,659.82,0
660.29,659.82,0
660.87,659.82,0
660.93,659.82,0
661.05,659.82,0
661.17,659.82,0
661.06,659.82,0
660.59,659.82,0
660.59,660.48,0
660.59,659.95,0
661.36,659.95,0
661.38,659.87,0
661.38,659.95,0
661.38,659.87,0
661.38,660.08,0
661.52,660.08,0
661.06,660.08,0
661.06,659.93,0
661.52,659.93,-0.00603265
661.52,659.83,-0.00603307
661.52,659.72,-0.00396173
661.52,660.08,0
661.42,660.08,0
661.52,660.08,0
661.42,660.08,0
661.32,660.08,0
661.32,660.23,0.00603235
661.42,660.23,0.00603235
661.32,660.23,0.00603235
661.12,660.23,0
661.12,660.29,0
661.12,660.3,0
661.52,660.3,0
661.52,660.29,0.0104409
661.52,660.04,0
661.52,660.39,0.000411316
661.52,660.84,0.00603265
661.52,660.63,0.00603258
661.46,660.63,0.00603258
661.46,661.02,0.00041133
661.46,660.63,0.00603258
661.52,660.63,0.00603258
661.52,660.87,0.000411308
661.52,660.88,0.000411306
661.32,660.88,0.00603248
661.52,660.88,0.00603248
661.52,660.63,0
661.26,660.63,0
661.52,660.63,0.00603258
661.52,660.64,0
661.52,660.63,0.0132
661.52,660.69,0.000411295
661.52,660.7,0
661.52,660.69,0
661.52,660.73,0
661.52,660.69,0
661.52,660.75,0.000411342
661.52,660.69,0.00573935
661.52,660.83,0
661.52,660.69,0.00603233
661.52,660.79,0.000411331
661.52,660.63,0
661.52,660.79,0.000411331
661.52,660.63,0
661.52,660.84,0.000467636
661.52,660.87,0.000411308
661.52,660.84,0.00603265
661.52,660.9,0.0004113
661.52,660.84,0.00603265
661.52,660.92,0.00603232
661.52,660.63,0
661.52,660.67,0.000411301
661.52,660.78,-0.0060329
661.52,660.67,0.00603241
661.52,660.93,0.000411291
661.52,660.63,-0.00603258
661.1,660.63,-0.000411312
661.52,660.63,-0.00603258
661.01,659.94,-0.000411314
661.52,659.94,-0.00603261
661.52,660.09,-0.00603293
661.52,660.17,-0.00790488
661.52,660.09,-0.00603293
660.86,660.09,-0.000411336
661.52,660.09,-0.00603293
661.26,660.09,-0.000411336
661.52,660.09,-0.00603293
661.29,660.09,-0.000411336
661.52,660.09,0
661.28,660.09,0
661.52,660.09,0
661.27,660.09,-0.000411336
661.52,660.09,0
661.26,660.09,0
661.26,660.18,0
661.52,660.18,0
661.25,660.18,0
661.25,660.09,-0.00603293
661.25,660.19,0
661.25,660.09,-0.00603293
661.25,660.2,0
661.25,660.19,0
661.24,660.19,0.0132
660.99,660.19,0
660.76,660.19,0
660.99,660.19,0
660.99,660.2,0.000358611
660.99,660.21,0
660.99,660.19,-0.00603252
660.6,660.19,0
660.6,660.18,-0.00603256
661.25,660.18,-0.00603256
660.91,660.18,-0.000411311
660.91,660.27,0
660.91,660.26,0
661.25,660.26,0.00603223
660.9,660.26,0
661.25,660.26,0.00603223
661.01,660.26,0
661.25,660.26,0.00603223
660.95,660.26,0
661.25,660.26,0.00603223
660.91,660.26,0
660.91,660.3,0.006033
661.25,660.3,0.006033
661.25,660.51,0.000411346
661.25,660.3,0.006033
661.25,660.32,0
661.25,660.33,0.00603288
661,660.33,0
661.25,660.33,0
661.22,660.33,0.00603288
660.78,660.33,0
661.22,660.33,0.00603288
661.22,660.51,0.0009
661.22,660.33,0
661.05,660.33,0
661.22,660.33,0.00603288
660.83,660.33,-0.000411333
661.25,660.33,0.00603288
660.82,660.33,-0.000411333
660.82,660.26,0
660.82,660.52,0.000411343
661.25,660.53,0
661.25,660.54,0
661.25,660.26,-0.00685857
661.25,660.73,0.000411284
661.25,660.26,-0.00603223
661.25,660.4,0
661.25,660.41,0
661.25,660.4,0
661.25,660.85,0
661.25,660.75,0
661.25,660.66,0.00835724
661.25,660.85,0
661.25,660.29,0
661.25,660.41,-0.00603255
660.72,660.18,-0.000411311
660.88,660.18,-0.00603256
660.94,660.18,-0.00603256
660.86,660.18,-0.000411311
660.86,659.28,0
660.86,659.59,-0.00644266
661.04,659.59,-0.00644266
660.87,659.68,-0.000344637
661.04,659.68,-0.00505468
660.86,659.68,-0.000344637
660.86,659.59,-0.00644266
660.86,659.96,-0.00603253
660.45,659.96,-0.000411309
660.86,659.96,-0.00603253
661.04,659.96,0
660.85,659.96,0
660.2,659.59,-0.000439272
660.84,659.59,-0.00644266
660.76,659.59,-0.000439272
661,659.59,-0.00644266
661.04,659.59,0
661,659.59,-0.000439272
661.04,659.59,-0.00644266
661.04,659.79,-0.00335835
661.04,659.59,-0.00644266
660.76,659.59,-0.000439272
661.04,659.59,0
660.45,660.16,0
660.35,659.59,-0.00644266
660.35,659.64,0
661.04,659.64,0
660.96,659.64,0
660.96,659.59,-0.00644266
660.5,659.59,-0.000439272
660.96,659.59,-0.00644266
660.7,659.59,-0.000439272
661.04,659.59,0
660.77,659.59,-0.000473942
661.04,659.59,0.00644266
660.76,659.59,-0.000439272
661.04,659.59,0
660.76,659.59,0
660.76,659.68,0.000344637
660.78,659.68,0
660.77,659.68,0
660.78,659.68,0
660.76,659.68,0
660.76,659.59,-0.00644266
660.76,659.6,0
660.76,659.59,0
660.76,659.6,0.000428806
660.76,659.66,0
660.76,659.72,0
660.76,659.78,0
660.76,659.65,0
660.76,659.67,0
660.76,659.73,0.000292066
660.76,659.79,0.000228979
660.76,659.85,0.00041134
660.75,659.85,0.00603298
660.75,660.29,0.000411344
660.75,659.85,0
660.75,660.08,0.000284457
660.75,660.53,0.00041134
661.04,660.14,0.00603272
661.04,660.37,0.000538985
661.04,660.69,0.000411295
661.25,660.69,0
661.25,660.52,0
661.25,660.93,0
661.37,660.52,0
661.37,660.51,0
662.32,661.37,0.00603234
662.32,661.17,0.00603222
662.32,660.99,0.00603297
662.32,661.05,0.000411322
662.32,661.51,0.00041132
662.41,661.51,0.0060327
662.41,661.71,0
662.41,661.52,0.000411317
662.41,661.57,0.00603245
662.41,661.63,0.000411286
662.41,661.9,0.000434307
662.41,661.63,0.0060322
662.41,661.65,0
662.41,661.66,0
662.41,661.67,0
662.41,661.68,0
662.41,661.32,-0.00603254
662.41,661.63,0
662.41,661.66,0
662.41,661.69,0
662.41,661.81,-0.0060324
662.31,661.81,0
662.41,661.82,0
662.4,661.72,0
662.4,661.72,0
662.1,660.84,0
662.34,661.32,0
662.01,661.61,-0.00603228
662.01,661.47,-0.0132
662.01,661.48,-0.00411329
662.41,661.48,-0.00603282
662.21,660.84,0
662.21,660.84,0
661.98,660.84,-0.000426594
661.97,660.84,-0.000411317
661.97,660.96,0
661.97,660.97,-0.00603305
662.15,660.97,-0.00603305
661.96,660.97,-0.000411344
661.96,660.96,-0.00603215
662.28,660.96,-0.00603215
662,660.96,0
662.28,660.96,0
661.99,660.96,0
662.28,660.96,0
662.28,660.97,0
662.28,661.08,0
662,661.08,0
661.99,661.08,0
661.99,661.09,0.0009
661.99,661.08,0
661.98,661.08,0
661.98,661.05,0
661.53,661.05,0
661.98,661.05,0
661.98,660.86,-0.00603257
661.49,660.86,-0.000411311
661.98,660.86,-0.00603257
661.97,660.86,-0.000411311
661.23,660.86,-0.000411311
661.22,660.2,-0.00542108
661.21,660.2,-0.000369619
660.93,659.94,-0.000642988
661.2,659.53,-0.0132
661.2,659.53,-0.0132
661.2,659.94,-0.00943049
661.2,659.53,-0.0132
661.2,660,-0.00850504
661.2,659.99,-0.00865942
661.2,660.26,0
661.2,659.99,0
661.2,660.26,0.000306569
661.2,660.32,0
661.2,660.8,0.000411328
661.47,660.8,0.00603281
661.47,661.09,0.00041131
662.41,660.81,0.00603277
662.41,660.8,0.00603281
662.38,660.8,0.00603281
662.41,660.8,0.00603281
662.41,660.91,0.000411297
662.41,660.94,0.000411289
662.41,661.25,0.000411329
662.41,660.94,0.00603223
662.41,660.97,0.000411344
662.43,660.97,-0.00603305
661.98,660.97,0
662.43,660.97,0.00603305
661.96,660.97,0.00603305
661.96,660.91,0
661.96,660.92,0
662.43,660.92,-0.00603232
662.43,660.91,0
661.98,660.91,-0.000411297
661.98,660.92,-0.00603232
661.98,660.92,0
661.98,660.91,0
661.98,660.95,0
661.98,660.96,-0.00603215
661.98,660.95,0.00603219
661.98,660.96,0
661.98,660.95,0
662.43,660.95,0
661.97,660.95,0
661.97,660.96,0
661.97,660.95,0
661.97,660.96,0
661.97,660.95,-0.00603219
661.97,661.01,0
662.43,661.01,0.00603288
661.98,661.01,0.00603288
661.98,660.96,0.00603215
661.98,661.02,0.00603284
661.98,660.95,0.00603219
661.98,661.02,0.00041133
661.98,661.56,0.000411306
662.43,661.57,0.00603245
662.43,661.44,0.00603299
662.43,661.78,0.000411308
662.43,661.29,0
662.43,661.46,0
662.06,661.46,0
662.43,661.46,0
662.43,661.57,0.00060126
662.42,661.57,0
662.43,661.57,0
662.42,661.57,-0.000411303
662.42,661.46,0
662.42,661.47,-0.00603286
662.43,661.47,0
662.43,661.46,0
662.43,661.95,0
662.43,661.46,0
662.43,661.98,0
662.43,661.47,-0.00603286
662.43,661.46,0
662.43,661.59,0.000411298
662.64,661.46,0.0060329
662.54,661.46,0
662.54,661.86,0.000411286
662.54,661.46,0.0060329
662.54,661.65,0
662.54,661.66,0
662.54,662.06,0.000411293
662.54,661.66,0.00603302
662.54,661.51,0.0060327
662.64,661.51,-0.0060327
662.53,661.51,0.0060327
662.64,661.51,0.0060327
662.54,661.51,0
662.64,661.51,0.0060327
662.62,661.51,0
662.62,661.87,0.000411283
663.71,661.87,0
663.71,661.81,0.0060324
663.31,661.85,0.000411288
663.23,661.85,0.00594083
663.23,661.85,0.00603223
663.71,661.85,0.00603223
662.85,661.85,0.00603223
662.85,662.09,0.000411285
662.64,662.09,0.00603218
662.64,662.37,0.000411334
662.85,662.09,0.00594078
663.39,662.09,0.00603218
663.38,662.09,0.00603218
663.62,662.09,0.00603218
663.62,662.2,0.000411318
663.18,662.2,0.0132
662.67,662.2,0.00662383
662.86,662.2,0.00603266
662.71,662.2,0.00603266
662.71,662.09,0
662.46,661.93,0
662.46,661.93,0
662.47,661.93,0
662.9,661.93,0
662.61,661.93,0
662.31,661.85,0
662.6,661.73,0
662.6,661.73,0
662.3,661.73,-0.0009
662.9,661.73,0
662.3,661.73,0
662.9,661.73,0
662.31,661.73,0
662.9,661.73,0
662.3,661.73,0
662.9,661.71,0
662.8,661.71,-0.000434309
662.8,661.96,0.000411321
662.98,661.71,0
662.91,661.71,0
662.98,661.71,0
662.92,661.71,0
662.98,661.71,0
662.93,661.71,0
662.98,661.71,0
662.94,661.71,0.00603281
662.98,661.71,0.00603281
662.98,661.72,0
662.98,661.88,0.000411344
662.98,661.99,0.000411313
662.85,661.99,0.00603259
662.85,662,0.00041131
662.85,661.84,0.00603227
662.85,661.85,0.000411288
662.85,661.86,0
662.85,661.85,0
662.85,661.86,0.000569769
662.85,662.37,0.0009
662.85,662.14,0.000411335
662.98,662.14,0
662.85,662.14,0.00603291
662.98,662.14,0
662.85,662.14,0
662.98,662.14,0
662.85,662.14,0
662.85,661.94,0.0060328
662.85,661.95,0.000411324
662.85,662.01,-0.00603251
662.85,661.99,0
662.84,661.72,-0.000411325
662.84,661.72,0
662.55,661.84,-0.000411291
662.32,661.84,0
662.55,661.84,-0.0132
662.55,661.72,-0.00603277
662.55,661.77,-0.00603256
662.55,661.83,-0.00603231
662.55,661.89,-0.006033
662.85,661.89,-0.006033
662.83,661.89,0
662.83,661.95,0
662.83,662.01,0.000538975
662.83,662.04,0
662.83,662.07,0
662.83,662.13,0
662.85,662.13,0
662.85,662.19,0
662.85,662.2,0
662.85,662.21,0
662.85,662.22,0
662.85,662.21,0
662.85,662.53,0
663.22,662.32,0
663.22,662.38,0
663.22,662.44,0
663.22,662.5,0
663.22,662.51,0.00086897
663.22,662.77,0
663.22,662.21,0
663.22,662.33,0
663.22,662.39,0
663.22,662.45,-0.00603257
663.22,662.51,0
663.22,662.53,0
663.22,662.57,0
663.22,662.59,0
663.22,662.57,0
663.22,662.63,-0.00603276
663.62,662.63,0
663.62,662.69,0
663.34,662.69,0
663.34,662.96,0
663.34,662.97,0
663.5,662.97,0
663.5,662.99,0
663.48,662.99,0
663.45,662.99,0
663.48,662.99,0
663.45,662.99,0
663.45,663.17,0
663.5,663.18,0
663.57,663.18,0
663.57,663.19,0
664.62,663.19,0
664.13,663.19,0
663.93,663.19,0
663.99,663.19,0
664.13,663.19,0
663.93,663.19,0
663.93,662.99,-0.00603222
663.92,662.99,-0.000411287
664.13,662.99,-0.00603222
663.92,662.99,-0.000411287
663.92,663.14,-0.00603253
663.73,663.14,-0.000411309
663.73,662.99,-0.00603222
663.73,662.97,-0.0060323
664.13,662.97,-0.0060323
663.73,662.97,-0.000411293
663.73,663.33,0
664.3,663.33,0
664.26,663.34,0
664.35,663.34,0
664.03,663.34,0.00603265
664.17,663.34,0
664.01,663.34,0
664.26,663.34,0
664.03,663.34,0
664.02,663.34,0
664.02,663.32,0
664.02,663.33,0
664.02,663.34,0
664.02,663.68,0
664.02,663.34,0
664.02,663.46,0.000411283
664.17,663.46,0.00620438
664.17,663.58,0.000411313
665.07,663.58,0.00603259
665.07,663.76,0.000411327
664.95,663.77,0
664.95,663.76,0
664.49,663.78,0.000411321
664.49,663.72,0.00603295
664.49,663.78,0.000411321
664.49,663.58,0.00603259
664.49,663.64,0.000411296
664.59,663.64,0.00603235
664.25,663.58,0
664.25,663.58,0
663.78,662.82,0
664.14,662.82,0
663.99,663.21,-0.000701459
663.98,663.21,0
663.98,663.2,0
663.99,663.2,0
663.97,663.2,0
663.97,663.21,0
663.97,663.5,0
664.24,663.5,0
664.23,663.5,0
664.01,663.5,0.00603292
664.23,663.5,0.00603292
664.22,663.5,0.00603292
664.24,663.5,0.00603292
664.23,663.5,0.00603292
664.24,663.5,0.00603292
664.23,663.5,0.00603292
664.21,663.5,0.00603292
664.2,663.5,0
663.92,663.5,0
664.19,663.5,0.00603292
663.91,663.5,0
664.19,663.5,0
664.2,663.5,0
663.89,662.94,0
663.89,662.82,0
663.89,662.91,0
664.19,662.91,0
663.88,662.91,0
663.88,662.82,0
663.94,662.82,0
663.88,662.82,0
663.88,662.91,0
663.88,663.49,0
663.94,663.49,0.00603296
663.94,662.92,0.0060325
663.94,663.02,0.00594162
663.94,663.02,0.00603303
663.94,663.1,0.00041132
663.94,663.02,0.00603303
663.94,662.92,0.0060325
663.94,663.34,0.000411317
663.94,663.02,0.00603303
663.94,663.52,0.00041133
664.24,663.52,0.00603284
664.23,663.52,0.00603284
664.23,663.61,0.000411305
664.24,663.61,0.00603247
664.24,663.67,0.000411288
664.24,663.68,0.000411285
664.23,663.68,0.00603218
664.24,663.68,0.00603218
664.24,663.67,0.00603222
664.23,663.67,0.00603222
664.24,663.67,0.00603222
664.2,663.67,0.00603222
664.19,663.67,0.00696776
664.18,663.67,0.00603222
664.1,663.02,0
664.1,663.12,0
664.1,663.52,0
664.1,663.02,0
664.1,663.11,-0.00603266
664.1,663.52,0
664.1,663.11,-0.00603266
664.1,663.37,0
664.09,663.37,0
664.1,663.37,-0.0063699
664.08,663.37,0.00721826
664.07,663.37,0.00603252
664.06,663.37,0
664.07,663.37,0.00603252
664.05,663.37,0.00603252
664.07,663.37,0
664.04,663.37,0.00603252
664.07,663.37,0
664.03,663.37,0
664.01,662.82,0
664.01,662.82,0
664.03,662.82,0
664.01,662.82,0
664.01,663.03,0
664.03,663.03,0
663.99,663.03,0
663.99,663.11,0
663.96,663.11,0
663.95,663.11,0
663.94,663.11,0.00603266
663.96,663.11,0.00603266
663.93,663.11,0.00603266
663.96,663.11,0.007377
663.92,663.11,0.00603266
663.8,663.11,0.00603266
663.79,663.11,0.00603266
663.57,663.11,0
663.57,662.48,-0.00603244
663.57,662.76,0
663.57,662.5,-0.00603236
663.57,662.78,-0.00603214
663.56,662.78,-0.000411283
663.55,662.78,-0.000411283
663.55,663.1,0
663.55,662.78,0
663.56,662.69,0
663.56,662.69,0
663.56,662.81,0.000411338
663.56,662.82,0
663.78,662.82,0
663.78,663.33,0.00041132
663.78,662.8,0.006033
663.78,662.9,0.000411313
663.78,663.09,0
663.78,663.15,0.000411306
663.94,663.15,0.00603249
663.94,663.16,0.000411304
664.24,663.16,0.00603245
664.24,663,0.00603217
663.93,663,0
663.93,662.8,0
663.93,662.9,0
663.93,663.03,0
663.92,663.03,-0.000538953
663.91,663.03,0
663.91,662.8,0
663.91,663.03,0
663.92,663.03,0
663.91,663.03,0
663.94,663.03,0.00603299
663.92,663.03,0.00603299
663.94,663.03,0.00603299
663.91,663.03,0
663.94,663.03,0.00603299
663.92,663.03,0.00603299
663.94,663.03,0.00603299
663.9,663.03,0
663.89,663.03,-0.0009
663.9,663.03,0
663.89,663.03,0
663.88,663.03,0
663.89,663.03,0
663.89,663.02,0
663.88,663.02,0
663.89,663.02,0
663.63,663.02,0
663.89,663.02,0
663.88,663.02,0
663.89,663.02,0
663.88,663.02,0
663.87,663.02,0
663.88,663.02,0
663.87,663.02,0
663.88,663.02,0
663.87,663.02,0
663.88,663.02,0.00603303
663.87,663.02,0
663.86,663.02,0
663.86,662.59,0
663.85,662.49,0
663.85,662.49,-0.0060324
663.85,662.19,-0.0060327
663.85,662.6,0
663.85,662.19,-0.0060327
663.68,662.42,0
663.68,662.19,0
663.09,662.19,0
663.08,662.19,-0.000411321
663.07,662.19,-0.0060327
663.06,662.19,-0.000411321
662.82,662.19,-0.00411321
663.06,662.19,-0.0132
662.97,662.19,-0.000411321
662.97,662.23,0
662.97,662.48,0
662.97,662.23,0
662.97,662.19,-0.0060327
662.97,662.24,0
662.97,662.19,-0.0060327
662.97,662.25,0
662.97,662.19,0
662.97,662.24,0
662.97,662.19,0
662.97,662.25,0
662.97,662.19,-0.0060327
662.97,662.24,0
662.97,662.19,0
662.97,662.69,0.000411308
663.36,662.69,0.00603252
663.31,662.69,0.00603252
663.36,662.69,0.00603252
663.36,662.74,0.000411294
663.36,662.69,0.0132
663.36,662.74,0.000411294
663.36,662.69,0.00603252
663.36,662.75,0.000411291
663.36,662.69,0.00603252
663.36,662.76,0.000411288
663.36,662.69,0
663.36,662.79,0.000411344
663.36,662.86,0.000411324
663.36,662.79,0.00603304
663.36,662.87,0.000411321
663.36,662.79,0.00603304
663.36,662.88,0.000411318
663.56,662.88,0.00603267
663.56,662.79,0.00603304
663.55,662.79,0.00603304
663.55,662.96,0.000411296
663.55,662.79,0.00721843
663.55,662.94,0.000411301
663.55,662.79,0.00603304
663.54,662.79,0
663.55,662.79,0.00603304
663.54,662.79,0
663.53,662.79,0
663.52,662.79,0
663.51,662.79,0
663.52,662.79,0
663.5,662.79,0
663.49,662.79,0
663.48,662.79,0
663.47,662.79,0
663.46,662.79,0
663.44,662.79,0
663.45,662.79,0
663.46,662.79,0
663.45,662.79,0
663.45,663.08,0.000411326
663.45,662.79,0
663.58,662.91,0.00041131
663.58,662.79,0.00603304
663.58,662.91,0.00041131
663.58,662.79,0.00603304
663.58,662.8,0.000411341
663.58,662.79,0.00603304
663.58,662.81,0.0009
663.58,662.82,0.000593873
663.58,663.11,0
663.58,663.3,0.000411328
663.66,663.12,0.00603262
663.66,662.79,0.00603304
663.66,662.83,0
664.24,662.83,0.00603287
664.24,663.24,0.000411345
664.24,663.03,0.00603299
664.24,662.83,0.00603287
664.24,663.25,0.000411342
664.08,663.25,0.00603302
664.24,663.25,0
664.24,662.83,0
664.24,663.25,0.000411342
664.05,663.25,0.00603302
664.24,663.25,0.00603302
664.07,663.25,0.00603302
664.24,663.25,0.00603302
664.24,662.79,0
663.96,662.79,0
663.96,663.05,0
663.96,663.1,0
664.24,663.1,0.0060327
663.96,663.1,-0.000467644
664.24,663.1,0
663.96,663.1,0
664.24,663.1,0
664.24,662.95,0
664.24,662.93,0.00603246
663.96,663.1,0.0009
663.96,662.93,0
663.96,663.12,0.000411315
663.96,662.83,0
663.96,663.1,0
664.24,662.83,0
663.96,663.1,0
663.95,663.1,0
663.95,663.42,0.000411294
663.95,663.43,0
663.95,663.42,0.00603232
663.97,663.5,0.000411336
663.97,663.49,0.00603296
663.97,663.5,0.000411336
664.24,663.74,0.00603287
664.24,663.78,0.000411321
664.24,663.5,0.00603292
664.24,663.49,0.00603296
664.24,663.74,0.000411332
664.19,663.74,0.00603287
664.19,663.75,0.0009
664.41,663.75,0.00603283
664.41,663.74,0.00603287
664.4,663.74,0
664.41,663.74,0.00603287
664.37,663.74,0
664.41,663.74,0.00603287
664.33,663.74,0.00603287
664.15,663.74,0
664.15,663.75,0.000411329
664.79,663.75,0.00603283
664.63,663.84,0.000411304
664.79,663.84,0.00603246
664.69,663.84,0.00603246
664.79,663.84,0.00603246
664.69,663.84,0.00603246
664.79,663.84,0.00603246
664.61,663.84,0.00603246
664.79,663.84,0.00603246
664.6,663.84,0.00637082
664.79,663.84,0.00603246
664.58,663.84,0
664.79,663.84,0
664.57,663.84,0
664.79,663.84,0
664.6,663.84,0
664.79,663.84,0
664.64,663.84,0.00603246
664.79,663.84,0
664.63,663.84,0.00603246
664.79,663.84,0
664.77,663.84,0.00603246
664.54,663.84,0
664.24,663.84,0
664.24,663.82,0
664.24,663.94,0.00041134
664.7,663.94,0.00603298
664.31,663.82,0
664.31,663.82,0
664.31,663.94,0.000339982
664.77,663.82,0
664.34,663.82,0
664.34,663.74,0
664.04,663.49,0
664.03,663.42,0
664.5,663.42,0
664.03,663.42,0
663.88,663.42,0
663.88,663.28,0
664.03,663.28,0
664.03,662.83,0
664.03,662.75,0
664.03,662.93,0
664.06,662.75,0
664.02,662.81,0
664.02,662.75,0
664.02,662.81,0
664.02,662.75,0
664.02,662.83,-0.0132
664.02,662.75,0
664.02,662.84,0.00041133
663.86,662.84,0.00737714
663.86,662.75,0
663.86,663.1,0.00041132
663.86,663.11,0.000411318
663.86,662.75,0
663.86,663.11,0.000411318
663.86,662.75,0
663.86,663.11,0.000411318
663.76,663.11,0
663.65,663.11,0.00603266
663.56,663.11,0.00603266
663.56,662.85,0.00603279
663.56,663.05,0
663.37,663.05,0
663.37,662.75,0
663.37,662.69,0
663.37,662.72,0
663.37,662.73,0
663.37,662.72,0
663.37,662.74,0
663.37,662.72,0
663.37,662.76,0
663.37,662.72,0
663.37,662.76,-0.00603223
663.37,663.07,0.000411329
663.51,663.07,0
663.51,662.76,0
663.51,662.72,-0.00603239
663.51,662.84,0
663.51,663.13,0
664.16,663.15,0
664.16,662.85,0
664.16,663.15,0
664.16,662.85,0
664.01,662.85,-0.000411327
664.01,663.09,0
664.16,663.09,0
664.01,663.09,0
664.16,663.09,0
663.97,663.09,-0.000411323
664.16,663.09,-0.00603274
664.01,663.09,0
664.16,663.09,-0.00603274
664.16,662.85,0
663.97,662.85,-0.000411327
663.97,663.09,0
663.97,662.85,-0.00603279
663.96,662.85,-0.000411327
663.96,663.09,0
663.95,663.09,0
663.95,662.93,0
663.95,662.88,0
663.95,662.85,0
663.95,663.07,0.000411329
663.94,663.07,0.00603282
663.94,662.85,0
663.94,663.11,0.000411318
663.93,662.85,0
663.93,662.85,0
663.93,663.1,0.00041132
663.93,662.85,0
663.93,663.12,0.000538959
663.93,662.92,0.0060325
663.93,663.12,0.000411315
663.93,662.92,0
663.93,663.14,0.000411309
663.93,662.85,-0.00637017
663.93,663.14,0.000411309
663.93,662.85,0
663.93,663.15,0.000411306
663.93,662.85,0
663.93,663.16,0.000411304
663.93,662.85,0
663.93,663.17,0.000411301
663.93,662.85,0
663.93,663.17,0.000411301
663.93,662.85,0
663.93,662.99,0
663.93,662.85,0
663.93,662.98,0
663.93,662.85,0
663.93,662.99,0
663.93,662.85,0
663.93,663,0
663.93,663.03,0.00041134
663.92,663.03,0
663.92,663.05,0.000411334
663.92,663,0
663.91,663,0.00636993
663.78,663,0.00603217
663.77,663,0.00603217
663.76,663,0.00603217
663.75,663,0.00603217
663.74,663,0
663.73,663,0
663.72,663,0
663.71,663,0
663.71,663.01,0.000411346
663.71,663,0
663.71,663.03,0.00041134
663.71,663.02,0
663.71,663.03,0.00041134
663.7,663.03,0.0041134
663.7,663.02,0.00603303
663.7,663.04,0.000411337
663.7,663,0
663.69,663,0
663.69,663.04,0.000411337
663.69,663,0
663.69,663.04,0.000411337
663.68,663.04,0.00603295
663.68,663,0
663.68,663.04,0.000411337
663.67,663.04,0.00603295
663.67,663,0
663.67,663.15,0.000411306
663.67,663,0
663.67,663.26,0.000411339
663.67,663.42,0.000411294
663.85,663.27,0.00603293
663.85,663.48,0.000411341
664.16,663.48,0.00603301
664.14,663.48,0.00603301
664.14,663.28,0.00603289
663.96,663.28,0.00603289
664.13,663.28,0.00603289
664.16,663.28,0.00603289
663.96,663.28,0.00603289
664.01,663.28,0
664.16,663.28,0.00603289
663.96,663.28,-0.000339982
664.01,663.28,0
664.16,663.28,0
664.13,663.28,0
664.16,663.28,0.00603289
663.96,663.28,0
664.16,663.28,0
664.14,663.28,0.00603289
664.16,663.28,0.00603289
664.07,663.28,0
664.16,663.28,0.00603289
664.01,663.28,0
664.16,663.28,0
664.01,663.28,0
664.16,663.28,0
664.03,663.28,0.00603289
664.16,663.28,0
664.08,663.28,0
664.16,663.28,0
664.01,663.28,0
664,663.28,0
663.99,663.28,-0.0009
663.98,663.28,0
663.75,663.28,-0.000434351
663.54,662.85,0
663.54,662.85,0
663.67,662.85,-0.00573913
663.36,662.85,0
663.35,662.85,0
663.56,662.85,0
663.55,662.85,0
663.56,662.85,0
663.82,662.85,0
663.81,662.85,0
663.82,662.85,0.00603279
663.81,662.85,0.00603279
663.5,662.85,0
663.5,662.91,0
663.5,662.92,0
663.68,663.16,0
663.68,662.92,0
663.78,662.92,0
663.77,662.92,0
663.78,662.92,0
663.78,663.09,0
663.77,663.09,0
663.78,663.09,0
663.78,663.33,0
663.78,663.51,0.000434333
663.78,663.34,0
664.06,663.34,0.0132
664.06,663.32,0.00603273
664.05,663.32,0.00603273
664.06,663.19,0.00603233
664.04,663.19,0.00603233
663.63,663.09,0
663.92,663.09,0.00603274
663.91,663.09,0
663.92,663.09,0
663.81,663.09,0
663.81,662.92,0
663.52,662.92,-0.000524387
663.67,662.92,0
663.64,662.92,-0.000569792
663.67,662.92,0
663.85,662.92,0
663.84,662.92,0
663.85,662.92,0
663.84,662.92,0
663.85,662.92,0
664.01,662.92,0.0060325
663.85,662.92,0
664.01,662.92,0.0060325
663.84,662.92,0.0060325
663.46,662.92,0
663.84,662.92,0
663.85,662.92,0.0060325
663.83,662.92,0
663.85,662.92,0.0060325
663.82,662.92,0
663.85,662.92,0
663.81,662.92,0
663.81,662.99,0.000411287
663.8,662.99,0.00603222
663.85,662.92,0.0060325
663.66,662.92,0
663.85,662.92,0
663.65,662.92,0
663.65,662.96,0.000411296
663.31,662.96,0.00603234
663.3,662.96,0
663.3,662.87,0
663.31,662.87,0
663.3,662.87,0
663.66,662.87,0
663.29,662.87,0
663.38,662.85,-0.0132
663.22,662.85,0
663.58,662.85,0
663.15,662.85,0
663.15,662.69,0
663.15,662.88,0
663.15,662.69,0
663.45,662.69,0
663.22,662.69,0
663.44,662.69,0
663.45,662.69,-0.00603252
663.39,662.69,-0.000411308
663.45,662.69,-0.00603252
663.44,662.69,-0.000411308
663.1,662.55,-0.000411283
663.1,662.55,0
663.12,662.55,0
662.88,662.29,-0.000411293
662.88,662.29,0
663.11,662.29,0
663.1,662.29,0
663.12,662.29,0
662.98,662.29,0
662.98,661.98,0
662.98,661.8,-0.00603244
662.97,661.8,0
662.94,661.8,0
662.97,661.8,0
662.73,661.8,0
662.73,661.7,-0.00603285
662.73,661.8,-0.0132
662.72,661.7,-0.000411331
662.72,661.7,0
662.71,661.6,0
662.71,661.6,0
662.63,661.6,0
662.63,661.72,0
662.63,661.73,0
662.63,661.5,0
662.63,661.4,0
663.12,661.4,0
662.63,661.4,0
662.63,661.77,0.000411311
663.12,661.77,0.00915212
662.63,661.77,0.00603256
662.98,661.54,0
662.4,661.4,0
662.63,661.4,0
662.63,661.48,0
662.63,661.4,0
662.63,661.64,0.000411284
662.89,661.64,0.00603216
662.73,661.64,0
662.72,661.66,0
662.72,661.5,0
662.6,661.5,0
662.6,661.4,0.0063505
662.6,661.51,0.000317616
662.6,661.47,0
662.6,661.4,0
662.6,661.45,-0.00558136
662.6,661.76,0.000411314
662.6,661.54,0
662.6,661.45,0
662.6,661.55,0.000275689
662.6,661.45,0
662.6,661.63,0.000411286
662.6,661.55,0.00404344
662.6,661.63,0.000411286
662.6,661.45,0.00558136
662.6,661.54,0.000286187
662.6,661.62,0
662.6,661.45,0
662.6,661.54,0.000286187
662.6,661.62,0.000411289
662.6,661.45,0
662.6,661.54,-0.0132
662.6,661.61,0.000411292
662.6,661.62,0
662.6,661.7,0.000411331
662.6,661.71,0.000411328
662.88,661.88,0.00603304
662.88,661.79,0
662.88,662.02,0
662.87,662.02,0
663.1,662.02,0
662.94,662.02,0
663.15,662.02,0.00603247
662.96,662.02,0.00603247
663.82,662.02,0.00603247
663.05,662.02,0
663.82,662.02,0.00603247
662.96,662.02,0
663.24,662.02,0
662.99,662.02,0
663.24,662.02,0
662.96,662.02,0
663.24,662.02,0
662.96,662.02,0
662.96,662.47,0
662.96,662.32,0
662.97,662.32,0
662.95,662.32,0
662.97,662.32,0
662.95,662.32,0.00603217
662.97,662.32,0
662.94,662.32,0
662.97,662.32,0
662.95,662.32,0
662.97,662.32,-0.00603217
662.94,662.32,-0.000411284
662.97,662.32,0
662.93,662.32,-0.000411284
662.97,662.32,0
662.96,662.32,0
662.96,662.05,-0.00603234
662.96,662.13,-0.00603295
662.96,662.38,0
662.96,662.56,0
662.96,662.05,-0.00603234
662.96,662.56,0
662.96,662.55,0
662.96,662.42,0
662.96,662.43,0
662.97,662.42,0.00620348
662.94,662.42,0.00603269
662.94,662.37,0.0060329
662.97,662.37,0
662.93,662.37,0
662.89,662.37,0.0060329
662.89,662.04,0
662.89,662.26,0
662.89,662.04,0
662.61,662.04,0
662.88,662.04,0
662.89,662.04,0
662.85,662.04,0
662.97,662.04,0
662.91,662.04,0
662.97,662.04,-0.00603238
662.87,662.04,0
662.97,662.04,-0.00603238
662.85,662.04,-0.000624277
662.97,662.04,0.00603238
662.85,662.04,0
662.97,662.04,0.00603238
662.94,662.04,0.00603238
662.97,662.04,0
662.92,662.04,0.00603238
662.97,662.04,0
662.94,662.04,0.00603238
662.94,662.12,0.00041134
662.97,662.12,0.00603299
662.96,662.12,0.00603299
662.96,662.04,0.00603238
662.97,662.04,0
662.9,662.04,0
662.81,662.04,0
662.81,662.12,0.00041134
662.81,662.37,0.000411334
662.81,662.12,0.00603299
662.33,662.04,0
662.33,662.04,0
662.8,662.04,0
662.51,662.04,0
662.45,662.04,0
662.44,661.64,0
662.44,661.64,0
662.32,661.52,0
662.27,661.52,0
662.32,661.52,0
662.27,661.52,0
662.32,661.52,0
662.26,661.52,0
662.26,661.4,0
662.25,661.4,0
662.26,661.4,0
662.32,661.4,0
662.23,661.4,0
662.32,661.4,-0.0063505
662.22,661.4,0
662.21,661.4,0
662.2,661.4,0
662.22,661.4,0
662.19,661.4,0
662.19,661.43,0.000411327
662.19,661.88,0.000411344
662.32,661.89,0.006033
662.32,661.9,0.000411338
662.32,661.48,0.00512032
662.32,661.7,0.000411331
662.32,661.48,0.00512032
662.32,661.85,0.000411288
662.32,661.48,0.00512032
662.32,661.85,0.000411288
662.44,661.85,0.00603223
662.44,661.56,0
662.44,661.83,0
662.52,661.83,0
662.48,661.83,0.00842177
662.52,661.56,0
662.49,661.85,0.000411288
662.52,661.85,0.00603223
662.47,661.85,0.00603223
662.52,661.7,0
662.46,661.7,0
662.46,661.85,0.000411288
662.46,661.56,0
662.46,661.83,0
662.46,661.56,0
662.46,661.85,0
662.52,661.85,0.00603223
662.47,661.85,-0.000391296
662.47,661.56,0
662.52,661.48,0
662.52,661.79,0.000411305
662.46,661.79,0
662.52,661.79,0.00603248
662.45,661.79,0
662.45,661.56,0
662.45,661.78,0
662.45,661.56,0
662.45,661.79,0
662.52,661.79,0.00603248
662.45,661.79,0.00603248
662.45,661.56,0
662.45,661.76,0
662.45,661.78,0
662.45,661.57,0
662.45,661.78,0.000538955
662.45,661.64,0
662.45,661.78,0.000411308
662.52,661.64,-0.00603216
662.44,661.72,-0.000411325
662.44,661.64,-0.00603216
662.44,661.66,0
662.44,661.64,-0.00603216
662.44,661.66,-0.00603302
662.44,661.64,0.00603216
662.44,661.67,0
662.44,661.64,0
662.44,661.67,0
662.3,661.67,0
662.3,661.64,0
662.3,661.67,0
662.3,661.64,0
662.25,661.64,0
661.97,661.46,0
662.24,661.46,0
662.24,661.4,0
661.97,661.4,0
662.01,661.4,0
661.96,661.4,0
661.96,661.18,0
661.96,661.19,-0.00636991
661.96,661.16,-0.0100457
662.35,661.16,0
661.96,661.16,0
662.35,661.16,0
661.96,661.16,0
662.35,661.16,0
661.96,661.16,0
662.35,661.16,0
661.96,661.16,0
662.47,661.16,0
661.96,661.16,0
661.95,661.16,0
661.96,661.16,0
661.96,661.08,0
661.95,661.08,0
661.8,660.9,0
661.8,660.9,0
661.37,660.9,0
661.36,660.8,0
661.35,660.8,0
661.95,660.8,0
661.34,660.8,0
661.11,659.99,0
661.34,660.44,0
661.34,659.99,0
661.34,660.44,0
661.34,660.29,0
661.34,660.52,0
661.34,659.99,0
661.34,660.53,0
661.34,660.38,0
661.34,660.52,0
661.34,659.99,0.0132
661.34,660.52,0.0009
661.34,659.99,0
661.34,660.53,0.0009
661.34,659.99,0
661.34,660.41,0
661.34,659.99,0
661.34,660.5,0
661.34,659.99,0
661.34,660.54,0.0009
661.39,659.99,0.0132
661.39,660.22,0
661.39,659.99,0.0132
661.33,659.99,0
661.33,660.41,0.0132
661.33,659.99,0
661.33,660.41,0.0009
661.33,659.99,0
661.33,660.47,0.0009
661.33,659.99,0
661.33,660.49,0.0009
661.03,660.49,0.0132
661.33,659.99,0
661.33,660.32,0.0009
661.33,659.99,0
661.33,660.33,0.0009
661.33,659.99,0
661.33,660.32,0.0009
661.33,659.99,0
661.33,660.34,0.0009
661.33,659.99,0
661.33,660.32,0
661.33,659.99,0
661.33,660.35,0.0009
661.33,659.99,0
661.33,660.32,0
661.39,660.32,0
661.32,660.32,-0.0009
661.32,659.99,-0.0132
661.32,660.33,-0.0132
661.39,660.33,0.0132
661.32,660.33,0.0132
661.39,660.33,0.0132
661.37,660.33,0
661.36,660.33,0.0132
661.37,660.33,0.0132
661.32,660.33,0.0132
661.37,660.33,0.0132
661.32,660.33,0.0132
661.37,660.33,0.0132
661.32,660.33,0
661.32,660.18,0
661.32,660.34,0
661.32,660.18,0
661.32,660.35,0.0009
661.37,660.35,0.0132
661.31,660.35,0.0132
661.39,660.35,0.0132
661.31,660.35,0.0132
661.31,660.18,0
661.31,660.35,0.0009
661.31,660.18,0
661.31,660.03,0
661.31,660.18,0
661.31,660.03,0
661.31,660.19,0
661.39,660.03,0
661.31,660.03,0
661.31,660.2,0
661.31,660.03,0
661.31,660.21,-0.00620417
661.31,660.03,0
661.31,660.22,0.0009
661.39,660.22,0.0132
661.31,660.22,0.0132
661.31,660.03,0
661.31,660.24,0.0009
661.31,660.03,0
661.31,660.25,0.0009
661.39,660.1,0.0132
661.3,660.1,0
661.3,660.27,0.0009
661.3,660.1,0
661.3,660.28,0.0009
661.39,660.28,0.0132
661.39,660.15,0.0132
661.39,660.29,0.000434355
661.39,660.15,0.0132
661.39,659.99,0
661.39,660.15,0.0132
661.39,660.1,0.0132
661.39,659.99,0
661.39,660.29,0.0009
661.95,659.99,0
661.95,659.99,0
661.95,660.3,0.0009
661.43,660.3,0.0132
661.95,660.3,0.0132
661.42,660.3,0.0132
661.95,660.3,0.0132
661.42,660.3,0.0132
661.42,659.99,0.0132
661.42,660.32,0.0009
661.95,660.32,0.0132
661.46,660.32,0.0132
661.42,660.32,0.0132
661.46,660.32,0.0132
661.42,660.32,0.0132
661.46,660.32,0
661.43,660.32,0.0132
661.46,660.32,0.0132
661.42,660.32,0.0132
661.46,660.32,0.0132
661.45,660.32,0
661.46,660.32,0
661.45,660.32,0.0132
661.46,660.32,0
661.42,660.32,0
661.46,660.32,0
661.42,660.32,0
661.46,660.32,0
661.42,660.32,0
661.46,660.32,0
661.42,660.32,0
661.46,660.32,0
661.45,660.32,0
661.46,660.32,0
661.42,660.32,0
661.46,660.32,0
661.43,660.32,0.0132
661.42,660.32,0
661.51,660.32,0.0132
661.49,660.32,0.0132
661.42,660.32,0
661.49,660.32,0.0132
661.42,660.32,0
661.49,660.32,0.0132
661.43,660.32,0.0132
661.42,660.32,0
661.42,661.17,0.000674422
661.95,661.17,0.00989152
661.81,660.93,0.0009
661.81,660.8,0.009
661.81,660.76,0.0132
661.81,660.93,0.0009
661.81,660.32,0.0132
661.81,660.94,0.0009
661.81,660.32,0.0132
661.81,660.95,0.0009
661.81,660.32,0
661.81,660.96,0
661.72,660.96,0.0131256
661.72,660.97,0.000884476
661.72,660.98,0.000574193
661.72,660.99,0.000863445
661.81,660.99,0.0126639
661.81,661,0.000852931
661.81,660.87,0.0132
661.81,660.83,0
661.81,661.01,0.000842416
661.81,661.02,0.000831902
661.81,661.03,0.000821388
661.81,661.01,0.0123554
661.81,661.04,0.000810939
661.81,661.01,0.0123554
661.81,661.42,0.00041205
661.81,661.01,0.0123554
661.81,661.42,0.00041205
661.96,661.42,0.0060434
661.91,661.42,0.0060434
661.96,661.42,0.0060434
661.92,661.42,0.0060434
661.92,661.62,0.000411289
661.92,661.42,0.0060434
661.96,661.42,0.0060434
661.96,661.77,0.000411311
662.34,661.78,0.00603252
662.34,661.79,0.000411305
662.34,661.11,0
662.34,661.76,0.000411314
662.34,661.11,0
662.34,661.87,0.000411283
662.14,661.87,0.00603215
662.34,661.87,0.00603215
662.15,661.57,0.00367894
662.15,661.57,0
661.87,661.11,0
661.87,661.11,0
662.34,661.11,0
661.86,661.11,-0.000737418
662.34,661.11,0
661.86,661.11,-0.000737418
662.34,661.11,-0.0108155
661.85,661.11,-0.000737418
662.34,661.11,-0.0108155
661.85,661.11,-0.000737418
662.28,661.11,0
662.34,661.11,0
661.85,661.11,-0.000538966
662.34,661.11,0
661.84,661.11,-0.000737418
662.34,661.11,0
661.84,661.11,-0.000737418
661.83,661.11,-0.000737418
661.83,661.55,0
661.83,661.51,0.000317616
662.51,661.51,0.00465837
662.51,661.12,0.0106613
662.51,661.11,0.0108155
662.28,661.11,0
662.28,661.2,0.000642896
662.28,661.11,0
662.27,661.11,0
662.51,661.11,0.0108155
662.35,661.11,0
662.27,661.11,0
662.27,661.26,0
662.26,661.26,0.00850545
662.35,661.26,0.00850545
662.27,661.26,0.00850545
662.35,661.26,0.00850545
662.26,661.26,0.00850545
662.26,661.28,0.000558905
662.26,661.3,0.000537959
662.26,661.28,0.00819727
662.05,661.28,0.00819727
662.05,661.62,0.000411289
662.23,661.62,0
662.23,661.28,0.00819727
662.23,661.51,0.000317616
662.34,661.51,0.00465837
662.25,661.51,0.00465837
662.24,661.51,0.00465837
662.24,661.75,0.000411317
662.04,661.75,0.00603264
662.24,661.75,0.00603264
662.23,661.75,0.00603264
662.22,661.75,0.00603264
662.2,661.75,0.00603264
662.02,661.51,0
662.02,661.51,0
662.02,661.28,0
662.17,661.28,0
662.15,661.28,0
662.14,661.28,0
662.13,661.28,0
662.12,661.28,0
662.1,661.28,0
662.09,661.28,0
662.08,661.28,0
662.07,661.28,0
662.01,661.28,0
661.66,661.28,0
662.05,661.28,0
662.01,661.28,0
661.69,661.25,0
661.69,661.11,0
661.85,661.11,0
661.84,661.11,0
661.83,661.26,0
661.83,661.11,0
661.62,661.11,0
661.62,661.23,0
661.62,661.11,0
661.61,661.11,0
661.41,661.04,0
661.41,661.04,0
661.41,661.03,0
661.59,661.03,0
661.58,661.03,0
661.4,660.82,0
661.4,660.82,0
661.39,660.82,0
661.39,660.83,0
661.38,660.83,-0.000569883
661.38,660.73,0
661.38,660.63,0
661.42,660.63,0
661.38,660.63,0
661.22,660.63,0
661.22,660.54,0
661.22,660.55,0
661.38,660.55,0
661.37,660.55,0
661.37,660.56,0
661.37,660.55,0
661.4,660.55,0
661.37,660.55,0
661.4,660.47,0
661.36,660.47,0
661.4,660.47,0
661.35,660.47,-0.000450797
661.4,660.47,0
661.3,660.47,0
661.29,660.47,0
661.3,660.47,0
661.28,660.47,0
661.3,660.47,0
661.29,660.47,0
661.3,660.47,0
661.27,660.47,0
661.27,659.99,0
661.27,660.31,0
661.3,659.99,0
661.26,659.99,0
661.3,659.99,-0.0132
661.25,659.99,0
661.3,659.99,-0.0132
661.24,659.99,-0.0009
661.24,660.24,-0.0132
661.24,659.99,-0.0132
661.24,660.26,0.0009
661.24,660.25,0
661.24,659.99,0
661.4,659.99,0.0132
661.23,659.99,0
661.4,659.99,0.0132
661.4,660.22,0.00042292
661.4,660.25,0.0009
661.4,659.99,-0.0132
661.4,660.26,0.0009
661.4,659.99,-0.0132
661.22,659.99,-0.0009
661.21,659.99,0
661.2,659.99,0
661.26,659.99,0
661.21,659.99,-0.0009
661.26,659.99,-0.0132
661.18,659.99,-0.0009
661.26,659.99,-0.0132
661.19,659.99,-0.0009
661.26,659.99,0
661.17,659.99,0
661.26,659.99,0
661.17,659.99,0
661.17,660.1,0
661.26,660.1,0.0132
661.15,660.1,0
661.06,660.1,0
661.06,660.37,0.0009
661.15,660.37,0.0132
660.78,660.37,0
661.15,660.37,0.0132
661.14,660.37,0.0132
661.15,660.37,0
661.12,660.37,0.0132
661.14,660.37,0
661.11,660.37,0.0132
661.14,660.37,0
661.1,660.37,0.00790485
661.14,660.37,0
661.08,660.37,0
661.07,660.37,0
661.07,660.38,0.0009
661.07,660.37,0
661.14,660.38,0.0132
661.14,660.37,0
661.26,660.83,0.0132
661.94,660.83,0.0132
661.85,660.83,0.0132
661.92,660.76,0.00871007
662.03,660.7,0
662.03,660.66,0.0132
662.03,660.71,0.0009
662.03,660.66,0.0132
662.03,660.37,0
662.03,660.66,0.0132
662.03,660.37,0
661.78,660.37,0
662.03,660.37,0
661.78,660.37,0
661.92,660.37,0
661.78,660.37,0
661.56,660.59,0
661.56,660.84,0.0132
661.49,660.84,0.00671334
661.49,660.59,0
661.49,660.64,0.0009
661.49,660.59,0.0132
661.48,660.59,0.0132
661.48,660.78,0.0009
661.48,660.59,0.0132
661.48,660.79,0.0009
661.48,660.8,0.0009
661.48,660.79,0
661.48,660.81,0
661.48,660.79,0.0132
661.48,661.12,0.000726907
662.16,661.12,0.0106613
662.26,661.13,0.0105072
662.16,661.13,0.00538987
662.16,661.12,0.0106613
662.16,661.15,0.000695377
661.9,661.15,0.0101989
661.98,661.14,0.010353
661.63,661.14,0.010353
661.99,661.14,0.010353
661.72,661.14,0.010353
661.84,661.14,0.010353
661.72,661.14,0.010353
661.99,661.14,0.010353
661.71,661.14,0.010353
661.71,661.15,0
661.71,661.14,0
661.71,661.4,0.000432989
661.71,661.14,0.010353
661.7,661.14,0
661.71,661.14,0
661.98,661.14,0.010353
661.52,661.14,-0.00043432
661.98,661.14,0
661.71,661.14,0
661.71,661.15,0
661.71,661.14,0
661.71,661.38,0
662.26,661.38,0.00665856
662.34,661.38,0.00665856
662.34,661.27,0.00835136
662.34,661.14,0.010353
662.43,661.14,0.010353
662.43,661.39,0.000538965
663.13,661.14,0.010353
662.49,661.14,0
662.23,661.14,0.010353
662.23,661.28,0
662.23,661.27,0
662.17,661.27,0
662.17,661.28,0.000558905
662.17,661.14,0
662.17,661.24,0.00060093
662.17,661.24,0
662.17,661.14,0
662.17,661.35,0.000485502
662.07,661.35,0.00712069
662.07,661.75,0.000411317
661.95,661.35,0.00712069
662.07,661.35,0.00712069
662.07,661.37,0.000464495
661.81,661.37,0
662.07,661.37,0.0068126
662.17,661.37,0
662.07,661.37,0
661.77,661.37,0
661.77,661.43,0
662.09,661.43,-0.00588938
662.06,661.43,0.00588938
661.94,661.43,0.00588938
661.88,661.43,0.00588938
662.08,661.43,0.00588938
661.97,661.43,0.00588938
662.08,661.43,0.00588938
661.97,661.43,0.00588938
661.97,661.57,0.000254696
661.97,661.877,0.000411345
662.17,661.89,0.006033
662.52,661.88,0.00603304
663.61,661.88,0.00603304
662.69,661.88,0.00603304
662.69,661.89,0.000411341
662.69,661.9,0.000411338
662.44,661.9,0.00603296
662.69,661.9,0.00603296
662.39,661.9,0.00637069
662.43,661.9,0
662.69,661.9,0
662.4,661.29,-0.000593919
662.4,661.4,-0.0063505
662.4,661.45,-0.00558136
662.4,661.52,-0.0045044
662.44,661.52,-0.0045044
662.69,661.52,-0.0045044
662.36,661.52,-0.000307118
662.37,661.52,-0.0045044
662.36,661.52,-0.000307118
662.37,661.52,-0.0045044
662.37,661.51,0.00465837
662.66,661.51,0
662.55,661.51,0
661.853,661.51,-0.000317616
662.15,661.51,-0.00465837
662.19,661.51,-0.00465837
662.55,661.51,-0.00465837
662.45,661.51,-0.000427707
661.99,661.51,-0.00465837
661.73,661.33,-0.00742786
661.99,661.33,-0.00742786
661.99,661.15,-0.00637073
661.99,661.27,0
661.99,661.15,-0.0101989
661.98,661.15,-0.000695377
661.69,661.15,-0.000695377
662.1,661.15,-0.0101989
661.98,661.15,-0.000695377
662.1,661.15,-0.0101989
661.97,661.15,-0.000695377
661.97,661.25,-0.00865954
661.93,661.25,0
661.97,661.25,0
661.88,661.25,0
661.61,661.15,-0.000695377
661.61,661.15,-0.0101989
661.62,661.15,-0.0101989
661.61,661.15,-0.000695377
661.61,661.14,-0.010353
661.6,661.14,-0.000705887
661.6,661.04,-0.0118938
661.61,661.04,-0.0118938
661.59,661.04,-0.000810939
661.59,660.84,-0.0132
661.59,660.56,-0.0132
661.59,660.46,-0.0132
661.59,660.56,-0.0132
661.65,660.56,-0.0132
661.58,660.56,-0.0009
661.58,660.81,-0.0132
661.58,660.56,-0.0132
661.58,660.82,-0.00637063
661.58,660.56,0
661.58,660.65,0
661.58,660.93,0.0009
661.58,660.56,0.0132
661.58,660.64,0.0009
661.29,660.64,0.0132
661.29,660.56,0
661.58,660.56,0
661.58,660.82,0.0009
661.58,661.16,0.000684931
661.58,660.96,0.0131256
661.58,660.73,0.0132
661.42,660.56,0
661.42,660.56,0
661.42,660.63,0
661.42,660.97,0.000884476
661.41,660.87,0.013
661.26,660.87,0.0132
661.2,660.62,0
661.2,660.62,0
661.2,660.77,0
661.2,660.62,0
660.97,660.62,0.0132
661.12,660.62,0.0132
661.13,660.62,0
661.13,660.37,0
661.13,660.46,0
661.12,660.46,0
661.12,660.37,0
661.12,660.73,0.0009
661.12,660.37,0
661.12,660.7,0.0009
661.24,660.7,0.0132
661.24,660.96,0.000894927
661.24,660.49,0
661.84,660.5,0.0132
661.58,660.5,0.0132
661.84,660.5,0
661.51,660.5,0
661.51,660.49,0
661.51,660.76,0.0009
661.65,660.76,0
661.51,660.76,0.0132
661.65,660.76,-0.0132
661.51,660.76,0.0132
661.65,660.76,0.0132
661.44,660.76,0.0132
661.65,660.76,0.0132
661.43,660.76,0.0132
661.43,661.01,0.000842416
661.65,660.76,0.0132
661.51,660.76,0
661.65,660.76,0.0132
661.48,660.76,0
661.65,660.76,0.0132
661.44,660.76,0
661.44,660.9,0.0009
661.65,660.9,0.0132
661.51,660.9,0.0132
661.48,660.9,0
661.51,660.9,0
661.47,660.9,0.0132
661.51,660.9,0.0132
661.46,660.9,0
661.51,660.9,0.00637059
661.44,660.9,0
661.51,660.9,0
661.5,660.9,-0.0009
661.65,660.9,0
661.44,660.9,-0.0009
661.65,660.9,0
661.5,660.9,0
661.65,660.9,0
661.44,660.9,-0.0009
661.65,660.9,0
661.5,660.9,0.0132
661.65,660.9,0.0132
661.5,660.9,0
661.53,660.9,-0.0132
661.48,660.9,0
661.53,660.9,-0.0132
661.52,660.9,0
661.52,661.1,0
661.53,660.91,0
661.53,660.9,0
661.53,660.77,0
661.53,660.76,0
661.53,660.97,0.000569858
661.53,661.15,0.000695377
661.53,660.97,0.0129723
661.53,661.2,0.000642896
661.58,661.21,0.000632388
661.98,661.21,0.00927503
661.88,661.21,0.00927503
661.87,661.21,0.00927503
661.86,661.21,0.00927503
661.86,661.46,0.000370048
661.88,661.21,0.00927503
661.88,661.5,0.000328115
661.98,661.5,0.00481235
661.98,661.21,0.00927503
661.98,661.48,0.000349112
661.98,661.69,0.000411333
662.17,661.69,0.00603289
662.17,661.48,0.00512032
662.17,661.58,0.0002442
662.17,661.48,0.00512032
662.17,661.58,0.000475089
662.16,661.58,0.00358159
662.16,661.48,0
662.16,661.63,0.000411286
662.16,661.48,0.00512032
662.16,661.65,0
662.16,661.48,0
662.16,661.51,0.000317616
662.16,661.53,0
662.16,661.8,0.000411303
662.55,661.53,0
662.55,661.52,0
662.55,661.53,0.00435043
662.76,661.53,0
662.63,661.53,0.00435043
662.6,661.53,0
662.56,661.53,0.00435043
662.6,661.53,0.00435043
662.6,661.52,0
662.53,661.52,0
662.56,661.52,0
662.6,661.52,0.0045044
662.6,661.54,0.000286187
662.6,661.56,0.000265192
662.6,661.48,0
662.6,661.58,0.0002442
662.54,661.58,0.00358159
662.54,661.57,0.00373554
662.57,661.57,0.00373554
662.54,661.57,0.00373554
662.57,661.57,0.00373554
662.57,661.48,0
662.54,661.48,0
662.57,661.48,0
662.54,661.48,0
662.57,661.48,0
662.57,661.52,0
662.54,661.52,0
662.57,661.52,0
662.54,661.48,0
662.57,661.48,0
662.53,661.48,0
662.57,661.48,0.00512032
662.53,661.48,0
662.57,661.48,0.00512032
662.57,661.57,0
662.63,661.57,0
662.39,661.57,0
662.39,661.96,0.00603271
662.63,661.96,0.00603271
662.63,661.97,0.000411319
662.96,661.97,0.00603267
662.65,661.97,0.00603267
662.65,662.2,0.000411318
662.65,661.97,0.00603267
662.65,662.05,0
662.64,662.05,0.00790484
662.39,661.67,0
662.39,661.67,0
662.63,661.67,0
662.37,661.67,0
662.37,661.7,-0.00603285
662.37,661.82,0
662.65,661.82,0
662.64,661.82,0
662.65,661.82,0
662.6,661.82,0
662.6,662.05,0.000411296
662.6,661.82,0
662.65,661.82,0
662.6,661.82,0.00603235
662.65,661.82,0.00603235
662.59,661.82,0.00603235
662.65,661.82,0
662.59,661.82,0
662.65,661.82,0
662.58,661.82,0
662.65,661.82,0
662.61,661.82,0.00603235
662.65,661.82,0
662.58,661.82,0
662.65,661.82,0
662.62,661.82,0.00603235
662.65,661.82,0
662.58,661.82,0
662.65,661.82,0
662.58,661.82,0
662.65,661.82,0
662.58,661.82,0
662.65,661.82,0
662.58,661.82,0
662.65,661.82,0
662.63,661.82,0.00603235
662.65,661.82,0
662.63,661.82,0.00603235
662.65,661.82,0
662.64,661.82,0.00603235
662.65,661.82,0
662.64,661.82,0.00603235
662.65,661.82,0
662.63,661.82,0.00603235
662.65,661.82,0
662.65,661.83,0
662.65,661.82,0
662.65,661.95,0.000411324
662.65,662.2,0.000411318
662.97,662.2,0.00603266
662.97,662.22,0.00603258
662.95,662.22,0.00603258
662.97,662.22,0.00603258
662.87,662.22,0.00637038
662.87,662.34,0.000411342
662.87,662.22,0.00603258
662.87,662.27,0.000411298
662.82,662.27,0.00603237
662.82,662.28,0.000411295
662.81,662.27,0.00603237
662.6,662.22,0
662.82,662.22,0
662.47,662.22,0
662.89,662.22,0.00603258
662.47,662.22,0
662.89,662.22,0
662.81,662.22,0
662.89,662.22,0
662.81,662.22,0
662.89,662.22,0
662.8,662.22,0.00603258
662.97,662.22,0.0132
662.81,662.22,0
662.97,662.22,0.00603258
662.8,662.22,0
662.97,662.22,0.00603258
662.81,662.22,0
662.97,662.22,0.00603258
662.8,662.22,0
662.97,662.22,0.00603258
662.8,662.22,0
662.97,662.22,0
662.79,662.22,0
662.97,662.22,0
662.8,662.22,0
662.97,662.22,0
662.79,662.22,0
662.97,662.22,0
662.8,662.22,0
662.97,662.22,0
662.78,662.22,0
662.97,662.22,0
662.76,662.22,0
662.76,662.23,0.000434361
662.97,662.23,0.00603254
662.62,662.23,0.00603254
662.97,662.23,0.00603254
662.61,662.23,0.00603254
662.97,662.23,0.00603254
662.61,662.23,0
662.97,662.13,0
662.53,662.13,-0.000411338
662.51,661.82,-0.000411297
662.51,661.82,-0.00603235
662.89,661.82,0
662.51,661.82,-0.000423021
662.51,661.87,-0.00603215
662.51,661.83,-0.00603231
662.89,661.83,0
662.89,661.82,0
662.5,661.82,0
662.89,661.82,0
662.49,661.82,0
662.49,661.87,0
662.89,661.87,0.00603215
662.48,661.87,0
662.48,661.83,-0.00603231
662.48,661.82,0
662.89,661.82,0
662.89,661.99,0.000411313
662.47,661.82,-0.0132
662.47,661.82,0
662.47,661.95,0.000411324
662.47,661.82,0
662.47,661.91,0.000411336
662.47,661.82,0
662.47,661.97,0.000411319
662.47,661.82,0
662.47,661.96,0.000411321
662.46,661.82,0
662.46,661.82,0
662.46,661.97,0.000411319
662.47,661.82,0
662.45,661.82,0
662.45,661.98,0.000391338
662.45,661.82,0
662.47,661.82,0
662.44,661.82,-0.0009
662.43,661.82,0
662.81,661.82,0.00603235
662.42,661.82,0
662.81,661.82,0
662.41,661.82,0
662.41,661.9,0.000411338
662.4,661.9,0
662.4,661.93,0.000469013
662.39,661.93,0.00603284
662.38,661.93,0.00603284
662.39,661.93,0.00603284
662.37,661.93,0
662.36,661.93,0.00603284
662.35,661.93,0.00603284
662.34,661.93,0.0132
662.28,661.93,0.0132
662.27,661.85,0
662.27,661.85,0
662.26,661.85,0
662.25,661.85,0
662.27,661.85,0
662.25,661.85,0
662.24,661.85,0
662.24,661.84,0
662.23,661.39,0
662.23,661.39,0
662.21,661.39,0
662.23,661.39,0
662.2,661.39,0
662.07,661.39,0
662.02,661.39,0
661.95,661.39,0
662.02,661.32,-0.0083567
662.02,661.7,-0.0132
662.01,661.32,0
662.01,661.32,0
662,661.32,0
661.99,661.32,0
661.98,661.32,-0.0009
661.94,661.32,0
661.93,661.32,0
661.92,661.32,0
661.89,661.32,0
661.76,661.32,0
661.76,661.43,0.000401549
661.75,661.43,0.00588938
661.75,661.44,0.000391048
661.75,661.58,0.0002442
661.91,661.58,0.00358159
661.91,661.32,0
661.91,661.67,0.00603297
661.91,661.32,0
661.91,661.59,0.000233704
661.91,661.32,0.00758192
661.91,661.43,0.000401549
661.91,661.51,0.000317616
661.91,661.43,0
661.91,661.73,0.000411322
661.91,661.44,0
661.99,661.44,0.00573537
662.06,661.44,0
662.06,661.43,0.00588938
662.05,661.43,0
662.06,661.43,0.00588938
662.05,661.43,0.00588938
662.05,661.58,0.0002442
662.04,661.58,0.00358159
662.04,661.65,0
662.03,661.65,0.00603306
662.04,661.65,0.00603306
662.03,661.65,0.00603306
662.04,661.65,0.00603306
662.03,661.65,0.00603306
662.03,661.51,0.00465837
662.03,661.53,0.00046762
662.03,661.56,0
662.01,661.56,0
661.82,661.43,0
662.01,661.43,0
661.8,661.43,0
662.01,661.32,0
661.54,661.32,0
661.54,661.09,0
661.54,660.86,0
661.54,660.94,0
661.54,660.96,0
661.69,661.14,0
661.69,661.15,-0.00695377
661.69,661.14,-0.00705887
661.69,661.39,-0.00443491
662.04,661.28,-0.00819727
661.99,661.24,-0.00881364
661.99,661.11,0
661.99,661.15,0
661.99,661.12,0
661.99,661.15,0
661.99,661.12,-0.0106613
661.99,661.15,0
661.99,661.12,-0.0106613
661.99,661.27,-0.00835136
662.06,661.27,-0.00835136
662.06,661.12,-0.0106613
662.06,661.26,0
662.06,661.27,0
662.06,661.26,0
662.06,661.35,0
661.82,661.35,0
662.06,661.35,0
661.75,661.26,0
661.75,661.26,-0.00850545
661.98,661.26,-0.00850545
661.62,661.26,0.00637008
661.76,660.93,-0.0132
661.76,660.89,-0.0132
661.76,660.92,-0.0132
661.76,660.89,-0.0132
661.76,661.16,0
661.84,661.16,-0.0100457
661.92,661.16,-0.0100457
662,661.16,0
662.01,661.16,-0.0100457
662,661.16,-0.000684931
662,661.31,0
662,661.46,0
662.01,661.46,0.00417238
662.01,661.7,0
662.01,661.46,0
662.06,661.46,0
662.06,661.87,0
662.57,661.87,0
662.23,661.87,0.00637027
662.23,661.92,0.000639141
662.36,661.87,0.00603215
662.35,661.87,0.00603215
662.3,661.87,0.00603215
662.35,661.87,0.00603215
662.33,661.87,0.00603215
662.33,661.72,0.00603277
662.35,661.72,0
662.34,661.72,0
662.57,661.72,0
662.35,661.72,-0.000411325
662.08,661.57,0
662.35,661.57,0
662.35,661.37,0
662.24,661.37,-0.0009
661.94,661.37,0
661.95,661.37,0
662.24,661.37,0
662.12,661.37,0
662.12,661.3,0
662.12,661.29,0
662.57,661.29,0
662.17,661.29,0
662.57,661.29,0
662.16,661.29,0
662.16,661.31,0
662.27,661.31,0
662.18,661.31,0
662.12,661.31,0
662.37,661.31,0.00773599
662.11,661.31,0.00773599
662.11,661.29,0
662.37,661.29,0.0132
662.11,661.29,0
662.57,661.29,0.00804413
662.12,661.29,0
662.11,661.29,0
662.11,661.55,0.000275689
662.1,661.55,0.00404344
661.88,661.55,0
661.88,661.29,0
662.11,661.29,0
661.87,661.29,0
661.87,661.34,0.000495941
661.68,661.34,0.0072738
661.87,661.34,0.0132
661.86,661.34,0.0072738
661.85,661.34,0
661.85,661.29,0
661.84,661.29,0
661.79,661.29,0
661.84,661.29,0
661.84,661.3,0.000537959
662.11,661.3,0
662.11,661.29,0
662.11,661.46,0.000370048
662.11,661.47,0.000359612
662.11,661.62,0.000411289
662.04,661.62,0.00603224
662.11,661.62,0.00603224
662.03,661.62,0.00603224
662.03,661.69,0.000411333
662.11,661.69,0.00603289
662.15,661.7,0.00411331
662.15,661.86,0.0132
662.15,661.87,0.000411283
662.22,661.71,0.00603281
662.22,661.87,0.000411283
662.22,661.71,0.00603281
662.02,661.66,0.00594161
662.02,661.66,0.0132
662.01,661.41,0
662,661.32,-0.0006243
662,661.32,-0.0132
661.99,661.32,0
661.99,661.4,0
662.42,661.32,0
662.3,661.32,0
662.3,661.4,-0.00574025
662.3,661.51,-0.00636988
662.3,661.32,0
662.3,661.51,0.000796462
662.3,661.52,0.000307118
662.3,661.53,0.00435043
662.3,661.54,0
662.3,661.51,0.00465837
662.3,661.56,0.000265192
662.3,661.57,0
662.3,661.51,0
661.95,661.51,-0.000317616
662.3,661.51,0.00871053
662.28,661.51,0
662.27,661.51,0
662.28,661.51,0
662.27,661.51,0
662.28,661.51,0
662.27,661.51,0
662.28,661.51,0
662.15,661.51,0
662.28,661.51,0.00465837
662.14,661.51,-0.000317616
662.28,661.51,0
662.15,661.51,0
662.15,661.42,-0.0060434
662.28,661.42,-0.0060434
662.31,661.42,0
662.15,661.42,-0.0060434
662.31,661.42,-0.0060434
662.15,661.42,-0.00041205
662.15,661.43,-0.00588938
662.31,661.43,-0.00588938
662.1,661.43,-0.000401549
662.31,661.43,-0.00588938
662.11,661.43,0
662.31,661.43,0
662.15,661.43,0
662.31,661.43,0
662.12,661.43,0
662.31,661.43,0
662.1,661.43,-0.000401549
662.31,661.43,0
662.14,661.43,0
662.31,661.43,0
662.15,661.43,0
662.31,661.43,0
662.15,661.43,0
662.31,661.43,0
662.11,661.43,-0.00043437
662.31,661.43,0
662.15,661.43,0
662.31,661.43,0
662.1,661.43,-0.000401549
662.31,661.43,0
662.18,661.43,0
662.31,661.43,0
662.1,661.43,-0.000401549
662.31,661.43,0
662.13,661.43,0
662.31,661.43,0
662.19,661.43,0.00588938
662.31,661.43,0
662.18,661.43,0
662.31,661.43,0
662.17,661.43,-0.000401549
662.31,661.43,0
662.14,661.43,0
662.31,661.43,0
662.15,661.43,0
662.31,661.43,0
662.25,661.43,0
662.31,661.43,0
662.23,661.43,0
662.31,661.43,0
662.25,661.43,0
662.31,661.43,0
662.15,661.43,0
662.31,661.43,0
662.13,661.43,-0.000401549
662.31,661.43,0
662.25,661.43,0
662.1,661.43,0
662.25,661.43,0.00588938
662.11,661.43,0
662.2,661.43,0
662.1,661.43,-0.000538945
662.25,661.43,0.00588938
662.25,661.46,0
662.1,661.46,0.00542736
662.1,661.43,0
662.1,661.44,0.000391048
662.31,661.43,0.00588938
662.03,661.43,-0.00588938
662.03,661.44,0
662.02,661.44,0
662.02,661.43,0
662.02,661.44,0
662.02,661.43,-0.00588938
662.02,661.45,-0.00664719
662.02,661.47,0
661.77,661.47,0
662.02,661.43,-0.00588938
661.77,661.43,-0.000401549
661.77,661.49,0
661.77,661.44,0
661.92,661.44,0
661.92,661.43,-0.00588938
661.92,661.44,0
661.92,661.45,-0.00558136
661.92,661.49,0
661.92,661.45,0
661.92,661.43,-0.00588938
661.92,661.46,0
661.92,661.43,-0.00588938
661.92,661.46,0
661.92,661.43,-0.00588938
661.92,661.46,0
661.92,661.47,0
661.92,661.52,0
662,661.52,0
662,661.47,0
662,661.43,0
662,661.67,0
662,661.43,0
662,661.52,0.000624274
662.15,661.52,0.00696748
662.15,661.55,0
662.15,661.56,0
662.15,661.57,0
662.15,661.81,0.0009
662.15,661.75,0
662.06,661.75,0
662.06,661.77,0
662.06,661.75,0
662.15,661.75,0
662.15,661.7,0
661.95,661.57,0
661.95,661.57,0
662.1,661.57,-0.00373554
661.95,661.57,-0.000254696
661.98,661.57,-0.00373554
661.95,661.57,-0.000254696
661.94,661.57,-0.000254696
661.95,661.35,-0.00712069
661.72,661.35,-0.000485502
661.66,661.35,-0.000485502
661.72,661.35,-0.00712069
661.82,661.35,-0.00712069
661.71,661.35,-0.000485502
661.71,661.06,-0.0115854
661.71,661.17,-0.00989152
661.71,661.18,-0.00973739
661.69,661.18,-0.000663913
661.71,661.18,-0.00973739
661.69,661.18,-0.000663913
661.68,661.18,-0.000663913
661.68,661.17,0
661.71,661.17,-0.00989152
661.69,661.17,0
661.71,661.17,0
661.68,661.17,-0.000674422
661.71,661.17,-0.00989152
661.69,661.17,-0.000674422
661.71,661.17,-0.00989152
661.69,661.17,-0.000674422
661.62,661.17,-0.000674422
661.71,661.17,0
661.7,661.17,-0.000674422
661.69,661.17,0
661.69,661.21,0.000632388
661.69,661.17,0.00989152
661.69,661.22,0
661.69,661.17,0
661.71,661.17,0
661.71,661.27,0
661.7,661.27,0
661.7,661.17,-0.00989152
661.71,661.17,0
661.69,661.17,0
661.69,661.19,-0.00958326
661.69,661.42,0
661.69,661.5,0
661.69,661.51,0
661.69,661.52,0
661.96,661.52,0.00307118
662.16,661.51,0.00465837
661.97,661.51,0.0132
661.95,661.51,0
661.95,661.41,0
661.95,661.52,0
661.95,661.33,-0.00742786
661.95,661.21,-0.00927503
661.94,661.21,-0.000632388
661.94,661.19,0
661.95,661.19,0
661.8,661.19,0
661.8,661.21,-0.0132
661.8,661.19,-0.00958326
661.8,661.5,0.000328115
661.8,661.46,0
661.8,661.36,0.00696664
661.8,661.19,0
661.8,661.41,0.000422551
661.95,661.45,0.00558136
661.95,661.41,0.00619742
661.95,661.53,0.00029662
662.13,661.53,0.00435043
662.13,661.41,0.00619742
662.13,661.63,0.000411286
662.13,661.79,0.000411305
662.09,661.79,0.00603248
662.13,661.79,0.00603248
662.05,661.63,0.0059408
662.05,661.63,0.0060322
662.13,661.63,0.0060322
661.93,661.63,0.0060322
662.13,661.63,0.0060322
661.93,661.63,0.0060322
661.92,661.63,0
661.9,661.63,0
661.92,661.63,0
661.9,661.63,0
661.92,661.63,0
661.9,661.63,0
661.92,661.63,0
661.9,661.63,0
661.93,661.63,0
661.9,661.63,0
661.93,661.63,0.0060322
661.9,661.63,0
662.09,661.63,0.0060322
662.09,661.64,0.000411284
662.09,661.65,0.000411345
662.09,661.64,0.00603216
662.09,661.65,0.000411345
662.08,661.65,0.00603306
662.08,661.64,0.00603216
662.08,661.66,0.000411342
662.07,661.66,0.00603302
662.07,661.64,0.00603216
662.07,661.7,0.000411331
662.07,661.64,0
662.07,661.7,0.000411331
662.06,661.7,0.00603285
662.04,661.64,0
662.04,661.64,0
662.02,661.64,0
662.01,661.64,0
661.97,661.64,0
661.96,661.64,0
661.95,661.75,0.000411317
661.95,661.64,0
661.95,661.65,0
662.13,661.79,0.00603248
662.16,661.79,0.00603248
662.12,661.79,0.00603248
662.12,661.64,0.00603216
662.12,661.8,0.000411303
662.16,661.8,0.00603244
662.16,661.64,0.00603216
662.16,661.65,0
662.16,661.88,0.00603304
662.16,661.81,0.0060324
662.16,661.89,0.000411341
662.16,661.82,0.00603235
662.16,661.98,0.000411316
662.13,661.82,0
662.13,661.82,0.00603235
662.16,661.82,0.00603235
662.15,661.82,0.00603235
662.16,661.82,0.00603235
662.16,661.78,0
662.16,661.97,0.000411319
662.15,661.87,0
662.15,661.78,-0.0132
662.06,661.64,0
662.16,661.64,0
662.05,661.64,-0.000538946
662.05,661.52,0
662.04,661.52,0
662.05,661.52,0
662.04,661.52,0
662.04,661.66,0
662.04,661.67,0
662.12,661.68,0
662.12,661.67,0.00603297
661.89,661.67,0.00603297
662.12,661.67,0.00603297
661.89,661.67,0.00603297
661.82,661.67,0.00411339
661.82,661.66,0.00603302
661.82,661.41,0
661.89,661.41,0
661.89,661.52,0
661.89,661.53,0
662.03,661.65,0
662.12,661.65,0
662.12,661.67,0
662.12,661.86,0
662.31,661.86,0
662.57,661.86,0
662.45,661.86,0.00603219
662.45,661.67,0.00603297
662.45,662.02,0.000411305
662.38,662.02,0.00603247
662.3,662.02,0.00603247
662.24,662.02,0.00603247
662.53,662.02,0.00603247
662.41,662.02,0.00603247
662.45,662.02,0.00603247
662.44,662.02,0.00603247
662.36,662.02,0.00603247
662.36,661.86,0.00603219
662.36,661.87,0
662.35,661.87,0
662.36,661.87,0
662.35,661.87,0
662.35,661.86,0
662.21,661.86,0
662.06,661.72,0
662.06,661.72,0
662.05,661.72,0
662.2,661.72,0
662.2,661.92,0.000411333
662.36,661.92,0.00603288
662.36,661.72,0
662.36,661.9,0.000593916
662.35,661.9,0.00603296
662.35,661.92,0.000411333
662.36,661.92,0.00603288
662.36,661.96,0.000411321
662.35,661.96,0.00603271
662.35,661.92,0.00603288
662.35,661.9,0
662.2,661.85,0
662.2,661.85,0.00603223
662.35,661.85,0
662.36,661.85,0
662.35,661.85,0
662.35,661.7,0
662.36,661.7,0
662.35,661.7,0
662.35,661.72,-0.0062027
662.35,661.88,0
662.35,661.89,0.000411341
662.34,661.89,0.006033
662.34,661.99,0.000411313
662.34,662.03,0.000411302
662.34,661.95,0.00603276
662.34,661.72,0.00603277
662.07,661.72,0
662.07,661.83,0.000422972
662.07,661.86,0.000411286
662.07,661.83,0
662.14,661.83,0
662.14,661.72,0
662.15,661.89,0
662.15,661.72,0
662.25,661.72,0
662.25,661.86,0.000411286
662.36,661.72,0.00603277
662.24,661.72,0
662.24,661.87,0.000411283
662.24,661.86,0.00603219
662.23,661.86,0.00603219
662.23,661.72,0.00603277
662.23,661.84,-0.0132
662.23,661.72,0.00603277
662.23,661.73,0.000411322
662.22,661.73,0
662.22,661.83,0.000411294
662.22,661.73,0.00603273
662.22,661.86,0
662.23,661.86,-0.00603219
662.23,661.73,-0.00603273
662.22,661.73,0.00603273
662.22,662,0.00041131
662.36,662,0.00603255
662.36,661.72,0
662.42,661.72,-0.0068584
662.42,661.89,0.000411341
662.42,662.08,0.000411288
663.59,662.08,0.00603222
662.55,662.08,0.00603222
662.45,662.01,0.00603251
662.44,662.01,0.00603251
662.45,662.01,0
662.45,662.07,0.00041129
662.53,661.89,0
662.43,661.89,0
662.4,661.89,0
662.4,661.72,-0.00603277
662.4,661.75,-0.00603264
662.39,661.75,0
662.3,661.75,0
662.3,661.8,0
662.19,661.8,0
662.19,661.82,0
662.18,661.82,0
662.19,661.82,-0.00790465
662.18,661.82,0
662.18,661.8,0.00603244
662.15,661.8,0.00603244
662,661.72,0
662.15,661.83,0.00603231
662.08,661.72,0
662.08,661.72,0
661.94,661.72,0
661.94,661.69,0
661.86,661.69,0
661.86,661.62,0
661.94,661.62,0
662.08,661.62,0
662.08,661.4,-0.0132
662.07,661.4,-0.000538953
661.99,661.4,0
661.98,661.4,0
661.99,661.4,0
661.99,661.46,0
662.05,661.46,0
662.13,661.46,0
662.09,661.46,-0.000538967
662.09,661.53,0
662.13,661.77,0.00603256
662.13,661.55,0.00404344
662.13,661.47,0.00527431
662.13,661.54,0.0041974
662.13,661.47,0.00527431
662.13,661.68,0.000411336
662.13,661.55,0.00404344
662.12,661.55,0.00404344
662.12,661.69,0.000411333
662.12,661.9,0
662.21,661.92,0.00603288
662.21,661.84,0.00603227
662.21,661.92,0.000411333
662.4,661.92,0.00603288
662.38,661.92,0.00603288
662.37,661.92,0.00603288
662.038,661.83,0.00594091
662.11,661.54,0
662.11,661.34,0
662.11,661.38,0
662.1,661.38,0
662.1,661.62,0
662.11,661.34,0
662.11,661.4,0
662.11,661.34,0
662.11,661.28,-0.0132
662.11,661.34,0
662.11,661.28,0
662.11,661.34,0
662.11,661.6,0.000411295
662.1,661.6,0.00603232
662.11,661.6,0
662.1,661.6,0.00603232
662.09,661.6,0.00603232
662.07,661.6,0.00603232
662.09,661.6,0.00603232
662.03,661.6,0.00603232
662.07,661.6,0.00603232
662.06,661.6,0.00603232
662.05,661.6,0
662.02,661.6,0
662.02,661.61,0.000411292
662.06,661.61,0.00594088
662.06,661.61,0.00603228
662.05,661.61,0.00603228
662.06,661.61,0.00603228
662.06,661.6,0.00603232
662.04,661.6,0
662.04,661.71,0.000411328
662.04,661.6,0
662.04,661.71,0.0009
662.04,661.72,0.000411325
662.04,661.71,0.00603281
662.04,661.84,0.000411291
662.07,661.84,0.00603227
662.07,661.71,0.00603281
662,661.71,0.00603281
661.91,661.6,0
661.91,661.6,0
662,661.6,0
662.02,661.6,0
661.88,661.6,0
662.02,661.6,0
661.89,661.6,0
661.89,661.71,0
662.02,661.71,0
662.02,661.6,0
662.07,661.6,0.00603232
662.07,661.81,0.0004113
662.07,661.8,0.000411303
662.01,661.63,0.0059408
662.01,661.63,0.0060322
661.88,661.63,0.0060322
662.01,661.63,0.0060322
662.01,661.6,0
661.86,661.6,0
661.87,661.6,0
661.78,661.28,0
661.72,661.28,0
661.87,661.28,0
661.87,661.47,0
661.87,661.28,0
661.72,661.28,0
661.87,661.29,0
661.92,661.29,-0.00804413
661.92,661.28,0
661.84,661.28,0
661.84,661.18,0
661.69,661.18,-0.000663913
661.68,661.01,-0.000842416
661.68,661.25,-0.00865954
661.68,661.23,0
661.57,661.23,0
661.57,661.21,0
661.57,661.19,0
661.57,661.17,0
661.57,661.23,0
661.57,661.17,0
661.57,661.31,0.000527454
661.57,661.36,0.000474998
661.57,661.31,0.00773599
661.68,661.36,0.000474998
661.68,661.49,0.000338613
661.9,661.49,0.00496633
661.89,661.49,0.00496633
661.73,661.33,0.00731532
661.73,661.33,0.00742786
661.81,661.27,0.00835136
661.81,661.23,0
661.64,661.23,0
661.63,661.23,-0.00032726
661.64,661.23,0
661.5,661.17,0
661.64,661.17,0
661.64,661.11,0
661.5,661.11,0
661.5,661.08,0
661.5,661.09,0
661.5,661.11,0
661.81,661.11,0
661.62,661.11,0
661.81,661.11,0
661.62,661.11,0
661.81,661.11,0
661.74,661.11,0.0108155
661.76,661.11,0.0108155
661.62,661.11,0.0108155
661.62,661.15,0.000695377
